source,target
သူအိမ်ကို ထွက်သွားသည်။,သူအိမ်သို့ ထွက်သွားသည်။
သူစာသင်ကျောင်းကို သွားသည်။,သူစာသင်ကျောင်းသို့ သွားသည်။
ကျောင်းမှ စာမေးပွဲဖြေသည်။,ကျောင်း၌ စာမေးပွဲဖြေသည်။
ဆေးရုံကို စောင့်ဆိုင်းသည်။,ဆေးရုံ၌ စောင့်ဆိုင်းသည်။
စခန်းမှ ထွက်လာသည်။,စခန်းကို ထွက်လာသည်။
သူအလုပ်သွားကို ပြင်ဆင်သည်။,သူအလုပ်သွားဖို့ ပြင်ဆင်သည်။
သူအိမ်ကို ပြန်လာသည်။,သူအိမ်သို့ ပြန်လာသည်။
သူအတန်းမှ ထွက်သွားသည်။,သူအတန်းကို ထွက်သွားသည်။
သူဈေးကို သွားသည်။,သူဈေးသို့ သွားသည်။
မိဘအိမ်မှ ပြန်လာသည်။,မိဘအိမ်သို့ ပြန်လာသည်။
ကျောင်းသွား ပြင်ဆင်သည်။,ကျောင်းသွားဖို့ ပြင်ဆင်သည်။
စာဖတ် စီစဉ်သည်။,စာဖတ်ဖို့ စီစဉ်သည်။
အလုပ်သွား ကြံဆသည်။,အလုပ်သွားဖို့ ကြံဆသည်။
တက္ကသိုလ်တက် ပြင်ဆင်သည်။,တက္ကသိုလ်တက်ဖို့ ပြင်ဆင်သည်။
အလုပ်လုပ် ကြံစည်သည်။,အလုပ်လုပ်ဖို့ ကြံစည်သည်။
တရုတ်သွား စီစဉ်သည်။,တရုတ်သွားဖို့ စီစဉ်သည်။
ဖတ် စီစဉ်သည်။,ဖတ်ဖို့ စီစဉ်သည်။
ဝယ် စဉ်းစားသည်။,ဝယ်ဖို့ စဉ်းစားသည်။
စား စီစဉ်သည်။,စားဖို့ စီစဉ်သည်။
သွား စဉ်းစားသည်။,သွားဖို့ စဉ်းစားသည်။
စာဖတ်မည် ပြီးကျောင်းသွားမည်။,စာဖတ်ပြီး ကျောင်းသွားမည်။
ရေသောက်မည် ပြီးအိမ်ပြန်မည်။,ရေသောက်ပြီး အိမ်ပြန်မည်။
အိမ်သန့်မည် ပြီးစာဖတ်မည်။,အိမ်သန့်ပြီး စာဖတ်မည်။
မနက်စားမည် ပြီးအလုပ်သွားမည်။,မနက်စားပြီး အလုပ်သွားမည်။
နားထောင်မည် ပြီးဖြေမည်။,နားထောင်ပြီး ဖြေမည်။
အိပ်မည် ပြီးရုပ်ရှင်ကြည့်မည်။,အိပ်ပြီး ရုပ်ရှင်ကြည့်မည်။
သွားမည် ပြီးဝယ်မည်။,သွားပြီး ဝယ်မည်။
အစားစားမည် ပြီးအလုပ်သွားမည်။,အစားစားပြီး အလုပ်သွားမည်။
အလုပ်လုပ်မည် ပြီးအိမ်ပြန်မည်။,အလုပ်လုပ်ပြီး အိမ်ပြန်မည်။
စာဖတ်မည် ပြီးအိပ်မည်။,စာဖတ်ပြီး အိပ်မည်။
ငါ မသွားမည်။,ငါ မသွားဘူး။
သူ မစားမည်။,သူ မစားဘူး။
ကျွန်တော် မပြောမည်။,ကျွန်တော် မပြောဘူး။
သူ မလာမည်။,သူ မလာဘူး။
သူ မဖတ်မည်။,သူ မဖတ်ဘူး။
ငါ မအိပ်မည်။,ငါ မအိပ်ဘူး။
သူ မလည်မည်။,သူ မလည်ဘူး။
သူ မကြည့်မည်။,သူ မကြည့်ဘူး။
သူ မဖြေမည်။,သူ မဖြေဘူး။
သူ မသိမည်။,သူ မသိဘူး။
ငါ နံနက်ကို လာမည်။,ငါ နံနက်မှာ လာမည်။
သူ ညနေပိုင်းကို သွားသည်။,သူ ညနေပိုင်းမှာ သွားသည်။
ငါ ညကို အိပ်သည်။,ငါ ညမှာ အိပ်သည်။
သူ ညနေပိုင်းကို ရောက်သည်။,သူ ညနေပိုင်းမှာ ရောက်သည်။
ကျောင်းကို မနက်ကို သွားသည်။,ကျောင်းကို မနက်မှာ သွားသည်။
ကျွန်တော် ညကို ပြန်မည်။,ကျွန်တော် ညမှာ ပြန်မည်။
အတားအဆီးဖြင့် မရောက်နိုင်ဘူး။,အတားအဆီးကြောင့် မရောက်နိုင်ဘူး။
အကြောင်းအရာဖြင့် မဖြေရှင်းနိုင်ဘူး။,အကြောင်းအရာကြောင့် မဖြေရှင်းနိုင်ဘူး။
သူ အားနည်းခြင်းဖြင့် လဲကျသည်။,သူ အားနည်းခြင်းကြောင့် လဲကျသည်။
ပင်ပန်းခြင်းဖြင့် မလာဘူး။,ပင်ပန်းခြင်းကြောင့် မလာဘူး။
မလုံခြုံခြင်းဖြင့် မသွားဘူး။,မလုံခြုံခြင်းကြောင့် မသွားဘူး။
ရုပ်ပိုင်းခက်ခဲမှုဖြင့် မလာနိုင်ဘူး။,ရုပ်ပိုင်းခက်ခဲမှုကြောင့် မလာနိုင်ဘူး။
သူလည်း မနက်စာလည်း မစားဘူး။,သူ မနက်စာလည်း မစားဘူး။
ကျွန်တော်လည်း နားလည်း မထောင်ဘူး။,ကျွန်တော် နားလည်း မထောင်ဘူး။
သူလည်း စာလည်း မဖတ်ဘူး။,သူ စာလည်း မဖတ်ဘူး။
သူမလည်း စာလည်း မလုပ်ဘူး။,သူမ စာလည်း မလုပ်ဘူး။
ကျောင်းသားလည်း စာလည်း မဖတ်ဘူး။,ကျောင်းသား စာလည်း မဖတ်ဘူး။
သူလည်း စာသင်လည်း မလာဘူး။,သူ စာသင်လည်း မလာဘူး။
သူလည်း ရုပ်ရှင်လည်း မကြည့်ဘူး။,သူ ရုပ်ရှင်လည်း မကြည့်ဘူး။
သူလည်း အိပ်လည်း မသွားဘူး။,သူ အိပ်လည်း မသွားဘူး။
သူမလည်း သတင်းလည်း မသိဘူး။,သူမ သတင်းလည်း မသိဘူး။
သူလည်း အလုပ်လည်း မလုပ်ဘူး။,သူ အလုပ်လည်း မလုပ်ဘူး။
မနေ့က သူ လာသည်။,မနေ့က သူ လာခဲ့သည်။
မနေ့က ငါ တွေ့သည်။,မနေ့က ငါ တွေ့ခဲ့သည်။
မနေ့က သူ ရှင်းပြသည်။,မနေ့က သူ ရှင်းပြခဲ့သည်။
မနေ့က ငါ လုပ်သည်။,မနေ့က ငါ လုပ်ခဲ့သည်။
မနေ့က သူ ဆွေးနွေးသည်။,မနေ့က သူ ဆွေးနွေးခဲ့သည်။
မနေ့က သူ စမ်းသပ်သည်။,မနေ့က သူ စမ်းသပ်ခဲ့သည်။
မနေ့က သူ ပြင်ဆင်သည်။,မနေ့က သူ ပြင်ဆင်ခဲ့သည်။
မနေ့က သူ စတင်သည်။,မနေ့က သူ စတင်ခဲ့သည်။
ညနေပိုင်း မိုး သတိမထားဘဲ သူ အပြင်ထွက်သည်။,ညနေပိုင်းမိုးကို သတိမထားမိဘဲ သူ အပြင်ထွက်ခဲ့သည်။
မနေ့က မိုး သတိမထားဘဲ ကျွန်မ အပြင်ထွက်သည်။,မနေ့က မိုးကို သတိမထားမိဘဲ ကျွန်မ အပြင်ထွက်ခဲ့သည်။
မနေ့က မိုးရွာသည်။,မနေ့က မိုးရွာခဲ့သည်။
မနေ့က မိုးအရမ်းရွာသည်။,မနေ့က မိုးအရမ်းရွာခဲ့သည်။
မိုးသည်းသည်းကို ကျောင်းသွားသည်။,မိုးသည်းသည်းမှာ ကျောင်းသွားသည်။
မိုး မရွာမည်။,မိုး မရွာဘူး။
မိုး မကျမည်။,မိုး မကျဘူး။
မိုးအေးကို မနေရဘူး။,မိုးအေးမှာ မနေရဘူး။
မိုးသည်းသည်းကို သတိပြုပါ။,မိုးသည်းသည်းမှာ သတိပြုပါ။
မိုးအရမ်းရွာခြင်းဖြင့် အိမ်မထွက်နိုင်ဘူး။,မိုးအရမ်းရွာခြင်းကြောင့် အိမ်မထွက်နိုင်ဘူး။
မိုးတိမ်ထူခြင်းဖြင့် မမြင်နိုင်ဘူး။,မိုးတိမ်ထူခြင်းကြောင့် မမြင်နိုင်ဘူး။
မနေ့က မိုးအရမ်းကျသည်။,မနေ့က မိုးအရမ်းကျခဲ့သည်။
မနေ့က မိုးသည်းသည်းရွာသည်။,မနေ့က မိုးသည်းသည်းရွာခဲ့သည်။
သူမ ငွေမရှိခြင်းဖြင့် မိတ်ကပ် မဝယ်ဘူး။,သူမ ငွေမရှိခြင်းကြောင့် မိတ်ကပ် မဝယ်ဘူး။
ဖိနပ်ဝယ်မည် ပြီးဈေးသွားမည်။,ဖိနပ်ဝယ်ပြီး ဈေးသွားမည်။
သူ ငွေမရှိခြင်းဖြင့် မိတ်ကပ် မဝယ်ဘူး။,သူ ငွေမရှိခြင်းကြောင့် မိတ်ကပ် မဝယ်ဘူး။
လက်ကိုင်အိတ်ဝယ်မည် ပြီးစျေးသွားမည်။,လက်ကိုင်အိတ်ဝယ်ပြီး စျေးသွားမည်။
ဆီဘူးဝယ်မည် ပြီးဆိုင်သွားမည်။,ဆီဘူးဝယ်ပြီး ဆိုင်သွားမည်။
ကျွန်မ ငွေမရှိခြင်းဖြင့် စာအုပ် မဝယ်ဘူး။,ကျွန်မ ငွေမရှိ၍ စာအုပ် မဝယ်ဘူး။
သူ ငွေမရှိခြင်းဖြင့် သွားတိုက်ဆေး မဝယ်ဘူး။,သူ ငွေမရှိ၍ သွားတိုက်ဆေး မဝယ်ဘူး။
မနေ့က ငါ မိတ်ကပ် ဝယ်သည်။,မနေ့က ငါ မိတ်ကပ် ဝယ်ခဲ့သည်။
မနေ့က ငါ လက်ကိုင်အိတ် ဝယ်သည်။,မနေ့က ငါ လက်ကိုင်အိတ် ဝယ်ခဲ့သည်။
ကျွန်တော် ထမင်းဘူးဝယ် စဉ်းစားသည်။,ကျွန်တော် ထမင်းဘူးဝယ်ဖို့ စဉ်းစားသည်။
မနေ့က ငါ စာအုပ် ဝယ်သည်။,မနေ့က ငါ စာအုပ် ဝယ်ခဲ့သည်။
ကျွန်တော် ဖုန်း မဝယ်မည်။,ကျွန်တော် ဖုန်း မဝယ်ဘူး။
မိတ်ကပ်ဝယ်မည် ပြီးဆိုင်သွားမည်။,မိတ်ကပ်ဝယ်ပြီး ဆိုင်သွားမည်။
ဖိနပ်ဝယ်မည် ပြီးစျေးထဲသွားမည်။,ဖိနပ်ဝယ်ပြီး စျေးထဲသွားမည်။
ကျွန်တော် လက်ကိုင်အိတ် မဝယ်မည်။,ကျွန်တော် လက်ကိုင်အိတ် မဝယ်ဘူး။
သူမ စာအုပ်ဝယ် စဉ်းစားသည်။,သူမ စာအုပ်ဝယ်ဖို့ စဉ်းစားသည်။
သူမ မိတ်ကပ်ဝယ် စဉ်းစားသည်။,သူမ မိတ်ကပ်ဝယ်ဖို့ စဉ်းစားသည်။
မနေ့က သူမ စာအုပ် ဝယ်သည်။,မနေ့က သူမ စာအုပ် ဝယ်ခဲ့သည်။
ကျွန်တော် ထမင်းဘူး မဝယ်မည်။,ကျွန်တော် ထမင်းဘူး မဝယ်ဘူး။
မနေ့က ငါ ဖုန်း ဝယ်သည်။,မနေ့က ငါ ဖုန်း ဝယ်ခဲ့သည်။
သူ လက်ကိုင်အိတ်ဝယ် စဉ်းစားသည်။,သူ လက်ကိုင်အိတ်ဝယ်ဖို့ စဉ်းစားသည်။
မနေ့က ငါ သွားတိုက်ဆေး ဝယ်သည်။,မနေ့က ငါ သွားတိုက်ဆေး ဝယ်ခဲ့သည်။
စာအုပ်ဝယ်မည် ပြီးဆိုင်သွားမည်။,စာအုပ်ဝယ်ပြီး ဆိုင်သွားမည်။
မနေ့က ကျွန်မ ထမင်းဘူး ဝယ်သည်။,မနေ့က ကျွန်မ ထမင်းဘူး ဝယ်ခဲ့သည်။
ဆီဘူးဝယ်မည် ပြီးစျေးကွက်သွားမည်။,ဆီဘူးဝယ်ပြီး စျေးကွက်သွားမည်။
ဖုန်းပြင်မည် ပြီးအလုပ်သွားမည်။,ဖုန်းပြင်ပြီး အလုပ်သွားမည်။
သူ ဖုန်း မခေါ်မည်။,သူ ဖုန်း မခေါ်ဘူး။
ဖုန်းဖြင့် မအိပ်နိုင်ဘူး။,ဖုန်းကြောင့် မအိပ်နိုင်ဘူး။
ဖုန်းအားသွင်းမည် ပြီးအိပ်မည်။,ဖုန်းအားသွင်းပြီး အိပ်မည်။
မနေ့က ဖုန်းကြည့်သည်။,မနေ့က ဖုန်းကြည့်ခဲ့သည်။
သူမ ဖုန်း မကြည့်မည်။,သူမ ဖုန်း မကြည့်ဘူး။
သူ ဖုန်း မဖွင့်မည်။,သူ ဖုန်း မဖွင့်ဘူး။
ဖုန်းဖြင့် အလုပ်ပျက်သည်။,ဖုန်းကြောင့် အလုပ်ပျက်သည်။
ဖုန်းပျက်ခြင်းဖြင့် စာမဖတ်နိုင်ဘူး။,ဖုန်းပျက်ခြင်းကြောင့် စာမဖတ်နိုင်ဘူး။
သူညဖုန်းအားသွင်းသည်။,သူ ညမှာ ဖုန်းအားသွင်းသည်။
သူလည်း ဖုန်းလည်း မပြင်ဘူး။,သူ ဖုန်းလည်း မပြင်ဘူး။
ဖုန်းဝယ် ပြင်ဆင်သည်။,ဖုန်းဝယ်ဖို့ ပြင်ဆင်သည်။
မနေ့က ဖုန်း ပြင်သည်။,မနေ့က ဖုန်း ပြင်ခဲ့သည်။
ဖုန်းမရှိခြင်းဖြင့် မဆက်နိုင်ဘူး။,ဖုန်းမရှိခြင်းကြောင့် မဆက်နိုင်ဘူး။
ကျွန်မ ဖုန်း မသုံးမည်။,ကျွန်မ ဖုန်း မသုံးဘူး။
ဖုန်းဝယ်မည် ပြီးအိမ်ပြန်မည်။,ဖုန်းဝယ်ပြီး အိမ်ပြန်မည်။
ငါ ဖုန်း မဝယ်မည်။,ငါ ဖုန်း မဝယ်ဘူး။
ဖုန်းသစ်ဝယ် ဆုံးဖြတ်သည်။,ဖုန်းသစ်ဝယ်ဖို့ ဆုံးဖြတ်သည်။
ဖုန်းအားကုန်ခြင်းဖြင့် မသုံးနိုင်ဘူး။,ဖုန်းအားကုန်ခြင်းကြောင့် မသုံးနိုင်ဘူး။
ဖုန်းပြင် စဉ်းစားသည်။,ဖုန်းပြင်ဖို့ စဉ်းစားသည်။
ဖုန်းသုံးမည် ပြီးရုပ်ရှင်ကြည့်မည်။,ဖုန်းသုံးပြီး ရုပ်ရှင်ကြည့်မည်။
ကျွန်မလည်း ဖုန်းလည်း မဝယ်ဘူး။,ကျွန်မ ဖုန်းလည်း မဝယ်ဘူး။
မနေ့က ဖုန်း ဝယ်သည်။,မနေ့က ဖုန်း ဝယ်ခဲ့သည်။
ဖုန်းကြည့်မည် ပြီးစာဖတ်မည်။,ဖုန်းကြည့်ပြီး စာဖတ်မည်။
ဖုန်းဖြင့် စာမဖတ်နိုင်ဘူး။,ဖုန်းကြောင့် စာမဖတ်နိုင်ဘူး။
ဖုန်းပျက်ခြင်းဖြင့် မသုံးနိုင်ဘူး။,ဖုန်းပျက်ခြင်းကြောင့် မသုံးနိုင်ဘူး။
မနေ့က ဖုန်း ဆက်သည်။,မနေ့က ဖုန်း ဆက်ခဲ့သည်။
သူအိမ်ကို ထွက်သွားသည်။,သူအိမ်မှ ထွက်သွားသည်။
ကျောင်းကို သွားသည်။,ကျောင်းသို့ သွားသည်။
ဈေးမှ ပြန်လာသည်။,ဈေးက ပြန်လာသည်။
သူအလုပ်ကို သွားသည်။,သူအလုပ်သို့ သွားသည်။
စာကြည့်တိုက်မှ ထွက်လာသည်။,စာကြည့်တိုက်က ထွက်လာသည်။
စာဖတ် စဉ်းစားသည်။,စာဖတ်ဖို့ စဉ်းစားသည်။
စာမေးပွဲဖြေ ကြံစည်သည်။,စာမေးပွဲဖြေဖို့ ကြံစည်သည်။
အလုပ်သွား စီစဉ်သည်။,အလုပ်သွားဖို့ စီစဉ်သည်။
စာသင် တက်ကြိုသည်။,စာသင်ဖို့ တက်ကြိုသည်။
အလုပ်သွားမည် ပြီးအိမ်ပြန်မည်။,အလုပ်သွားပြီး အိမ်ပြန်မည်။
သူမ မသိမည်။,သူမ မသိဘူး။
သူ မနက်ကို ထမြောက်သည်။,သူ မနက်မှာ ထမြောက်သည်။
မတတ်နိုင်ခြင်းဖြင့် မလာဘူး။,မတတ်နိုင်ခြင်းကြောင့် မလာဘူး။
လူနာဖြစ်ခြင်းဖြင့် မတက်နိုင်ဘူး။,လူနာဖြစ်ခြင်းကြောင့် မတက်နိုင်ဘူး။
မနေ့က သူ ပြောသည်။,မနေ့က သူ ပြောခဲ့သည်။
မနေ့က သူ ထွက်သည်။,မနေ့က သူ ထွက်ခဲ့သည်။
ပင်လယ်သွားမည် ပြီးဓာတ်ပုံရိုက်မည်။,ပင်လယ်သွားပြီး ဓာတ်ပုံရိုက်မည်။
သူမလည်း မြို့လည်း မသွားဘူး။,သူမ မြို့လည်း မသွားဘူး။
လေယာဉ်စီးမည် ပြီးရထားစီးမည်။,လေယာဉ်စီးပြီး ရထားစီးမည်။
မနေ့က ဈေးသွားသည်။,မနေ့က ဈေးသွားခဲ့သည်။
ကျွန်မလည်း လေယာဉ်လည်း မစီးဘူး။,ကျွန်မ လေယာဉ်လည်း မစီးဘူး။
သူမြို့ကို သွားသည်။,သူမြို့သို့ သွားသည်။
သူ မြို့မသွားမည်။,သူ မြို့မသွားဘူး။
မြို့ကြည့်မည် ပြီးဈေးဝယ်မည်။,မြို့ကြည့်ပြီး ဈေးဝယ်မည်။
သူလည်း ခရီးလည်း မသွားဘူး။,သူ ခရီးလည်း မသွားဘူး။
မနက်ကို လေယာဉ်စီးသည်။,မနက်မှာ လေယာဉ်စီးသည်။
မော်တော်ယာဉ်ဖြင့် လမ်းပိတ်သည်။,မော်တော်ယာဉ်ကြောင့် လမ်းပိတ်သည်။
သူ လေယာဉ်မစီးမည်။,သူ လေယာဉ်မစီးဘူး။
ခရီးသွား စီစဉ်သည်။,ခရီးသွားဖို့ စီစဉ်သည်။
သူငယ်ချင်းက တောင်မှ ပြန်လာသည်။,သူငယ်ချင်းက တောင်က ပြန်လာသည်။
ကျွန်မ ခရီးမသွားမည်။,ကျွန်မ ခရီးမသွားဘူး။
မနေ့က တောင်တက်သည်။,မနေ့က တောင်တက်ခဲ့သည်။
မနေ့က မြို့ကြီးသွားသည်။,မနေ့က မြို့ကြီးသွားခဲ့သည်။
ညကို ရထားစီးသည်။,ညမှာ ရထားစီးသည်။
မနေ့က ခရီး သွားသည်။,မနေ့က ခရီး သွားခဲ့သည်။
မနက်ခင်းကို ခရီးထွက်သည်။,မနက်ခင်းမှာ ခရီးထွက်သည်။
မြို့ကြီးသွား ပြင်ဆင်သည်။,မြို့ကြီးသွားဖို့ ပြင်ဆင်သည်။
မြို့သစ်သွားမည် ပြီးအစားစားမည်။,မြို့သစ်သွားပြီး အစားစားမည်။
လေယာဉ်စီး ကြံစည်သည်။,လေယာဉ်စီးဖို့ ကြံစည်သည်။
လမ်းပိတ်ခြင်းဖြင့် ခရီးမသွားနိုင်ဘူး။,လမ်းပိတ်ခြင်းကြောင့် ခရီးမသွားနိုင်ဘူး။
လမ်းလျှောက် ဆုံးဖြတ်သည်။,လမ်းလျှောက်ဖို့ ဆုံးဖြတ်သည်။
လမ်းပိတ်ခြင်းဖြင့် မရောက်နိုင်ဘူး။,လမ်းပိတ်ခြင်းကြောင့် မရောက်နိုင်ဘူး။
တောင်တက် စဉ်းစားသည်။,တောင်တက်ဖို့ စဉ်းစားသည်။
သူနိုင်ငံကို ပြန်သည်။,သူနိုင်ငံသို့ ပြန်သည်။
သူလည်း စာလည်း မကြည့်ဘူး။,သူ စာလည်း မကြည့်ဘူး။
မအောင်ခြင်းဖြင့် စိတ်ညစ်သည်။,မအောင်ခြင်းကြောင့် စိတ်ညစ်သည်။
မနေ့က စာသင်သည်။,မနေ့က စာသင်ခဲ့သည်။
စာဖတ်မည် ပြီးစာရေးမည်။,စာဖတ်ပြီး စာရေးမည်။
စာအုပ်ဖတ် ဆုံးဖြတ်သည်။,စာအုပ်ဖတ်ဖို့ ဆုံးဖြတ်သည်။
ညစာမေးပွဲဖြေသည်။,ညမှာ စာမေးပွဲဖြေသည်။
မနက်စာအုပ်ဖတ်သည်။,မနက်မှာ စာအုပ်ဖတ်သည်။
သူ စာမရေးမည်။,သူ စာမရေးဘူး။
စာအုပ်ပျောက်ခြင်းဖြင့် မသင်နိုင်ဘူး။,စာအုပ်ပျောက်ခြင်းကြောင့် မသင်နိုင်ဘူး။
စာအုပ်ဖတ်မည် ပြီးစာရေးမည်။,စာအုပ်ဖတ်ပြီး စာရေးမည်။
ကျောင်းသို့ မသွားဘူး။,ကျောင်းကို မသွားဘူး။
စာမမေးခြင်းဖြင့် မသိဘူး။,စာမမေးခြင်းကြောင့် မသိဘူး။
စာမသင်ခြင်းဖြင့် မအောင်ဘူး။,စာမသင်ခြင်းကြောင့် မအောင်ဘူး။
ကျောင်းသားလည်း စာလည်း မသင်ဘူး။,ကျောင်းသား စာလည်း မသင်ဘူး။
မနေ့က စာအုပ်ဖတ်သည်။,မနေ့က စာအုပ်ဖတ်ခဲ့သည်။
စာဖတ် ကြံစည်သည်။,စာဖတ်ဖို့ ကြံစည်သည်။
ညစာဖတ်သည်။,ညမှာ စာဖတ်သည်။
စာသင်ခန်းမှ စာမေးပွဲဖြေသည်။,စာသင်ခန်း၌ စာမေးပွဲဖြေသည်။
သူလည်း စာလည်း မရေးဘူး။,သူ စာလည်း မရေးဘူး။
ကျောင်းကို ပြန်လာသည်။,ကျောင်းမှ ပြန်လာသည်။
ကျောင်းသူ မသင်မည်။,ကျောင်းသူ မသင်ဘူး။
ကျောင်းသား စာမမေးမည်။,ကျောင်းသား စာမမေးဘူး။
စာမေးပွဲဖြေမည် ပြီးအိမ်ပြန်မည်။,စာမေးပွဲဖြေပြီး အိမ်ပြန်မည်။
ကျောင်းသွားမည် ပြီးစာမေးပွဲဖြေမည်။,ကျောင်းသွားပြီး စာမေးပွဲဖြေမည်။
စာမေးပွဲအောင် ကြိုးစားသည်။,စာမေးပွဲအောင်ဖို့ ကြိုးစားသည်။
စာမေးပွဲဖြေ စဉ်းစားသည်။,စာမေးပွဲဖြေဖို့ စဉ်းစားသည်။
သူမ စာအုပ်မဖတ်မည်။,သူမ စာအုပ်မဖတ်ဘူး။
မနေ့က စာမေးပွဲဖြေသည်။,မနေ့က စာမေးပွဲဖြေခဲ့သည်။
မနေ့က စာရေးသည်။,မနေ့က စာရေးခဲ့သည်။
မနက်စာအုပ်ဝယ်သည်။,မနက်မှာ စာအုပ်ဝယ်သည်။
စာသင်ခန်းကို စတင်သည်။,စာသင်ခန်း၌ စတင်သည်။
ကျွန်မ စာမဖတ်မည်။,ကျွန်မ စာမဖတ်ဘူး။
စာမဖတ်ခြင်းဖြင့် မအောင်ဘူး။,စာမဖတ်ခြင်းကြောင့် မအောင်ဘူး။
စာအုပ်ဝယ်မည် ပြီးအိမ်ပြန်မည်။,စာအုပ်ဝယ်ပြီး အိမ်ပြန်မည်။
မနက်စာရေးသည်။,မနက်မှာ စာရေးသည်။
မနေ့က စာဖတ်သည်။,မနေ့က စာဖတ်ခဲ့သည်။
မနေ့က ထမင်း စားသည်။,မနေ့က ထမင်း စားခဲ့သည်။
ဟင်းချက် စဉ်းစားသည်။,ဟင်းချက်ဖို့ စဉ်းစားသည်။
နေ့လယ်ထမင်းစားသည်။,နေ့လယ်မှာ ထမင်းစားသည်။
ကျွန်တော်စားသောက်ဆိုင်ကို သွားသည်။,ကျွန်တော်စားသောက်ဆိုင်သို့ သွားသည်။
မနေ့က ဖျော်ရည်သောက်သည်။,မနေ့က ဖျော်ရည်သောက်ခဲ့သည်။
သူမလည်း ဖျော်ရည်လည်း မသောက်ဘူး။,သူမ ဖျော်ရည်လည်း မသောက်ဘူး။
ဟင်းချက်မည် ပြီးထမင်းစားမည်။,ဟင်းချက်ပြီး ထမင်းစားမည်။
မနေ့က စျေးသွားသည်။,မနေ့က စျေးသွားခဲ့သည်။
မနက်အစားအစာဝယ်သည်။,မနက်မှာ အစားအစာဝယ်သည်။
ကျွန်မလည်း ဟင်းလည်း မချက်ဘူး။,ကျွန်မ ဟင်းလည်း မချက်ဘူး။
ငါ မဝယ်မည်။,ငါ မဝယ်ဘူး။
အရသာခံ စီစဉ်သည်။,အရသာခံဖို့ စီစဉ်သည်။
ညဖျော်ရည်သောက်သည်။,ညမှာ ဖျော်ရည်သောက်သည်။
ကျွန်တော် မစားမည်။,ကျွန်တော် မစားဘူး။
ညဟင်းချက်သည်။,ညမှာ ဟင်းချက်သည်။
မနေ့က ဟင်းချက်သည်။,မနေ့က ဟင်းချက်ခဲ့သည်။
သူစားသောက်ဆိုင်မှ ထွက်လာသည်။,သူစားသောက်ဆိုင်က ထွက်လာသည်။
စားသောက်ဆိုင်သွား ဆုံးဖြတ်သည်။,စားသောက်ဆိုင်သွားဖို့ ဆုံးဖြတ်သည်။
စျေးဝယ် ကြံစည်သည်။,စျေးဝယ်ဖို့ ကြံစည်သည်။
မနေ့က မုန့်ဝယ်သည်။,မနေ့က မုန့်ဝယ်ခဲ့သည်။
သူလည်း ထမင်းလည်း မစားဘူး။,သူ ထမင်းလည်း မစားဘူး။
စားမည် ပြီးလက်ဆေးမည်။,လက်ဆေးပြီး စားမည်။
မုန့်ဝယ်မည် ပြီးအိမ်ပြန်မည်။,မုန့်ဝယ်ပြီး အိမ်ပြန်မည်။
အရသာမရှိခြင်းဖြင့် မဝယ်ဘူး။,အရသာမရှိခြင်းကြောင့် မဝယ်ဘူး။
သူ မသောက်မည်။,သူ မသောက်ဘူး။
သူမ မချက်မည်။,သူမ မချက်ဘူး။
ဗိုက်နာခြင်းဖြင့် မစားနိုင်ဘူး။,ဗိုက်နာခြင်းကြောင့် မစားနိုင်ဘူး။
စျေးသွားမည် ပြီးအစားဝယ်မည်။,စျေးသွားပြီး အစားဝယ်မည်။
ထမင်းစား ပြင်ဆင်သည်။,ထမင်းစားဖို့ ပြင်ဆင်သည်။
အစာပျက်ခြင်းဖြင့် မစားဘူး။,အစာပျက်ခြင်းကြောင့် မစားဘူး။
မနက်မုန့်စားသည်။,မနက်မှာ မုန့်စားသည်။
သူမ ဆေးမလိမ်းမည်။,သူမ ဆေးမလိမ်းဘူး။
နာတာရှည်ဖြင့် စိတ်ညစ်သည်။,နာတာရှည်ကြောင့် စိတ်ညစ်သည်။
ဖိအားမြင့်ခြင်းဖြင့် အိပ်မရဘူး။,ဖိအားမြင့်ခြင်းကြောင့် အိပ်မရဘူး။
ငါလည်း ဆေးလည်း မသုံးဘူး။,ငါ ဆေးလည်း မသုံးဘူး။
သူ ဆေးမပေးမည်။,သူ ဆေးမပေးဘူး။
ငါ ဆေးမဝယ်မည်။,ငါ ဆေးမဝယ်ဘူး။
သူဆေးရုံကို သွားသည်။,သူဆေးရုံသို့ သွားသည်။
သူမလည်း ဆေးလည်း မသောက်ဘူး။,သူမ ဆေးလည်း မသောက်ဘူး။
မနေ့က ဆေးသောက်သည်။,မနေ့က ဆေးသောက်ခဲ့သည်။
သူဆရာဝန်ကို တွေ့သည်။,သူဆရာဝန်ကို တွေ့မည်။
မနေ့က ဆေးရုံသွားသည်။,မနေ့က ဆေးရုံသွားခဲ့သည်။
ဆေးစစ်မည် ပြီးညအိပ်မည်။,ဆေးစစ်ပြီး ညအိပ်မည်။
ဆေးသောက် ဆုံးဖြတ်သည်။,ဆေးသောက်ဖို့ ဆုံးဖြတ်သည်။
ဆရာဝန်တွေ့မည် ပြီးဆေးသောက်မည်။,ဆရာဝန်တွေ့ပြီး ဆေးသောက်မည်။
ကျွန်မဆေးခန်းကို သွားသည်။,ကျွန်မဆေးခန်းသို့ သွားသည်။
ဆေးလိမ်း ပြင်ဆင်သည်။,ဆေးလိမ်းဖို့ ပြင်ဆင်သည်။
မနေ့က ဆရာဝန်တွေ့သည်။,မနေ့က ဆရာဝန်တွေ့ခဲ့သည်။
မနက်ဆေးဝယ်သည်။,မနက်မှာ ဆေးဝယ်သည်။
သူလည်း ဆေးလည်း မဝယ်ဘူး။,သူ ဆေးလည်း မဝယ်ဘူး။
ဆေးလိမ်းမည် ပြီးစာဖတ်မည်။,ဆေးလိမ်းပြီး စာဖတ်မည်။
ဆေးဝယ်မည် ပြီးအိမ်ပြန်မည်။,ဆေးဝယ်ပြီး အိမ်ပြန်မည်။
ဆေးဝယ် စဉ်းစားသည်။,ဆေးဝယ်ဖို့ စဉ်းစားသည်။
ကျွန်မ ဆေးမသောက်မည်။,ကျွန်မ ဆေးမသောက်ဘူး။
မနေ့က ဆေးလိမ်းသည်။,မနေ့က ဆေးလိမ်းခဲ့သည်။
သူလည်း ဆေးလည်း မပေးဘူး။,သူ ဆေးလည်း မပေးဘူး။
မနေ့က ဆေးဝယ်သည်။,မနေ့က ဆေးဝယ်ခဲ့သည်။
ညဆေးလိမ်းသည်။,ညမှာ ဆေးလိမ်းသည်။
မနက်ဆေးသောက်သည်။,မနက်မှာ ဆေးသောက်သည်။
မနေ့က သူမ ရှင်းပြသည်။,မနေ့က သူမ ရှင်းပြခဲ့သည်။
စာတမ်းတင် ပြင်ဆင်သည်။,စာတမ်းတင်ဖို့ ပြင်ဆင်သည်။
မနေ့က စာတမ်း ရေးသည်။,မနေ့က စာတမ်း ရေးခဲ့သည်။
သူမ စာတမ်း မတင်မည်။,သူမ စာတမ်း မတင်ဘူး။
လုပ်ဖော်ကိုင်ဖက်မရှိခြင်းဖြင့် မအောင်မြင်ဘူး။,လုပ်ဖော်ကိုင်ဖက်မရှိခြင်းကြောင့် မအောင်မြင်ဘူး။
ညအစည်းအဝေးဝင်သည်။,ညမှာ အစည်းအဝေးဝင်သည်။
အရောင်းဌာနကို လာသည်။,အရောင်းဌာနသို့ လာသည်။
ကျွန်မအလုပ်ကို လျှောက်ထားသည်။,ကျွန်မအလုပ်အတွက် လျှောက်ထားသည်။
မနေ့က ငွေ ပေးသည်။,မနေ့က ငွေ ပေးခဲ့သည်။
စီမံကိန်းတင်မည် ပြီးသုံးသပ်မည်။,စီမံကိန်းတင်ပြီး သုံးသပ်မည်။
အစီအစဉ်မရှိခြင်းဖြင့် မအောင်မြင်ဘူး။,အစီအစဉ်မရှိခြင်းကြောင့် မအောင်မြင်ဘူး။
မနက်စာတမ်းတင်သည်။,မနက်မှာ စာတမ်းတင်သည်။
ညစီမံကိန်းတင်သည်။,ညမှာ စီမံကိန်းတင်သည်။
လုပ်ငန်းစဉ်စတင်မည် ပြီးဖော်ပြမည်။,လုပ်ငန်းစဉ်စတင်ပြီး ဖော်ပြမည်။
စာတမ်းရေးမည် ပြီးလက်မှတ်ထိုးမည်။,စာတမ်းရေးပြီး လက်မှတ်ထိုးမည်။
မနေ့က စီမံချက် သုံးသပ်သည်။,မနေ့က စီမံချက် သုံးသပ်ခဲ့သည်။
ငါ ငွေမပေးမည်။,ငါ ငွေမပေးဘူး။
စီမံကိန်းရေး ဆုံးဖြတ်သည်။,စီမံကိန်းရေးဖို့ ဆုံးဖြတ်သည်။
အလုပ်သမားကို စစ်ဆေးသည်။,အလုပ်သမားအား စစ်ဆေးသည်။
မနေ့က စီမံကိန်း တင်သည်။,မနေ့က စီမံကိန်း တင်ခဲ့သည်။
ဖိအားများဖြင့် မစဉ်းစားနိုင်ဘူး။,ဖိအားများကြောင့် မစဉ်းစားနိုင်ဘူး။
မနက်စီမံကိန်းရေးသည်။,မနက်မှာ စီမံကိန်းရေးသည်။
သူမလည်း လုပ်ငန်းလည်း မစတင်ဘူး။,သူမ လုပ်ငန်းလည်း မစတင်ဘူး။
ဈေးကွက်လေ့လာမည် ပြီးအစီရင်ခံမည်။,ဈေးကွက်လေ့လာပြီး အစီရင်ခံမည်။
သူ အလုပ် မလုပ်မည်။,သူ အလုပ် မလုပ်ဘူး။
အလုပ်လျှောက် ကြံစည်သည်။,အလုပ်လျှောက်ဖို့ ကြံစည်သည်။
သူကုမ္ပဏီကို ဝင်သည်။,သူကုမ္ပဏီတွင် ဝင်သည်။
စီမံကိန်းမကောင်းခြင်းဖြင့် ရရှိမှုနည်းသည်။,စီမံကိန်းမကောင်းခြင်းကြောင့် ရရှိမှုနည်းသည်။
ဈေးကွက်လေ့လာ ကြိုးစားသည်။,ဈေးကွက်လေ့လာဖို့ ကြိုးစားသည်။
သူအဝတ်ကို ချိတ်သည်။,သူအဝတ်ကို ချိတ်ထားသည်။
အင်္ကျီဝယ် စဉ်းစားသည်။,အင်္ကျီဝယ်ဖို့ စဉ်းစားသည်။
ညဖိနပ်ချွတ်သည်။,ညမှာ ဖိနပ်ချွတ်သည်။
သူ ဖိနပ်မဝယ်မည်။,သူ ဖိနပ်မဝယ်ဘူး။
သူမ အထည်မဝတ်မည်။,သူမ အထည်မဝတ်ဘူး။
မနေ့က ဖိနပ် ဝယ်သည်။,မနေ့က ဖိနပ် ဝယ်ခဲ့သည်။
အထည်စစ်မည် ပြီးဝတ်မည်။,အထည်စစ်ပြီး ဝတ်မည်။
ဈေးမှာ သွားပြီးအင်္ကျီကို ဝယ်သည်။,ဈေးသို့ သွားပြီးအင်္ကျီကို ဝယ်သည်။
မနေ့က အင်္ကျီ ဝတ်သည်။,မနေ့က အင်္ကျီ ဝတ်ခဲ့သည်။
သူလည်း အင်္ကျီလည်း မဝတ်ဘူး။,သူ အင်္ကျီလည်း မဝတ်ဘူး။
နေ့လယ်အဝတ်လျှော်သည်။,နေ့လယ်မှာ အဝတ်လျှော်သည်။
ကျွန်မလည်း ဖိနပ်လည်း မဝယ်ဘူး။,ကျွန်မ ဖိနပ်လည်း မဝယ်ဘူး။
အဝတ်လှန် စီစဉ်သည်။,အဝတ်လှန်ဖို့ စီစဉ်သည်။
ဖိနပ်ဝယ် ပြင်ဆင်သည်။,ဖိနပ်ဝယ်ဖို့ ပြင်ဆင်သည်။
အဝတ်လျှော်မည် ပြီးချိတ်မည်။,အဝတ်လျှော်ပြီး ချိတ်မည်။
သည်ရုပ်ရှင်ကားက ကြောက်သော ရုပ်ရှင်ကားဖြစ်သည်။,သည်ရုပ်ရှင်ကားက ကြောက်စရာကောင်းသော ရုပ်ရှင်ကားဖြစ်သည်။
ဤပန်းကန်ထဲ ဟင်းက မွှေးသောကြောင့် စားချင်စဖွယ်ရှိသည်။,ဤပန်းကန်ထဲမှဟင်းက မွှေးသောကြောင့် စားချင်စဖွယ်ရှိသည်။
ဤစားပွဲသည် လေးသော ရွှေ့ရန်ခက်သည်။,ဤစားပွဲသည် လေးသောကြောင့် ရွှေ့ရန်ခက်သည်။
ဤကောင်မလေးက ချောသော ယောကျာ်းလေးတွေဝိုင်းဝိုင်းလည်နေသည်။,ဤကောင်မလေးက ချောမောသော ယောကျာ်းလေးတွေဝိုင်းဝိုင်းလည်နေသည်။
ဤအစားက ခါးသောအရသာရှိသည်။,ဤအစားအစာက ခါးသောအရသာရှိသည်။
သူသည် ချမ်းသာသော လူတစ်ယောက်ဖြစ်သည်။,သူသည် ချမ်းသာကြွယ်ဝသော လူတစ်ယောက်ဖြစ်သည်။
ဤနေရာက အေးမြသောကြောင့် နေထိုင်ရတာ သာသည်။,ဤနေရာက အေးမြသောကြောင့် နေထိုင်ရတာ သာယာသည်။
အသားလှီးရန်အတွက် ချွန်သောဓားလိုသည်။,အသားလှီးရန်အတွက် ထက်သောဓားလိုသည်။
မျက်စိအားနည်းသော မျက်မှန်တပ်ရသည်။,မျက်စိအားနည်းသောကြောင့် မျက်မှန်တပ်ရသည်။
အိပ်ခန်းတွင် အလင်းရောင်များသော မီးချောင်းတပ်ထားသည်။,အိပ်ခန်းတွင် လင်းသော မီးချောင်းတပ်ထားသည်။
ဤရွာက လူများသည် စိတ်ကောင်းရှိ၍ ပေါင်းသင်းဆက်ဆံ အဆင်ပြေသည်။,ဤရွာက လူများသည် စိတ်ကောင်းရှိ၍ ပေါင်းသင်းဆက်ဆံရတာ အဆင်ပြေသည်။
ဤအင်္ကျီက ညစ်ပတ်နေသောကြောင့် လျှော်ရဦးသည်။,ဤအင်္ကျီက ညစ်ပတ်နေသောကြောင့် လျှော်ရဦးမည်။
ဤပန်းကန်ထဲ ဟင်းက အရမ်းပူသောကြောင့် အခုမစားနဲ့ဦး။,ဤပန်းကန်ထဲမှ ဟင်းက အရမ်းပူသောကြောင့် အခုမစားနဲ့ဦး။
ဤဇာတ်ကားက ကြောက်သော ဇာတ်ကားဖြစ်လို့ တစ်ယောက်တည်းမကြည့်ရဲဘူး။,ဤဇာတ်ကားက ကြောက်စရာကောင်းသော ဇာတ်ကားဖြစ်လို့ တစ်ယောက်တည်းမကြည့်ရဲဘူး။
ခွေးကို ကြောက်သော သူ့အနားမကပ်ရဲပါ။,ခွေးကို ကြောက်သောကြောင့် သူ့အနားမကပ်ရဲပါ။
ပင်လယ်ကမ်းခြေက သာယာလှပ နေရာဖြစ်သည်။,ပင်လယ်ကမ်းခြေက သာယာလှပသော နေရာဖြစ်သည်။
ထိုလူကြီးက ပင်ပန်းသော ပုံပေါက်သည်။,ထိုလူကြီးက ပင်ပန်းသော ပုံပေါက်နေသည်။
သူသည် အားများသောကြောင့် လမ်းမလျှောက်နိုင်။,သူသည် အားနည်းသောကြောင့် လမ်းမလျှောက်နိုင်။
ဤဟင်းက အရသာရှိသောကြောင့် အကုန်စားလိုက်သည်။,ဤဟင်းက အရသာကောင်းသောကြောင့် အကုန်စားလိုက်သည်။
သူသည် အေးသော စိတ်ထားရှိသည်။,သူသည် အေးဆေးသော စိတ်ထားရှိသည်။
သည်ပစ္စည်းက ဈေးကြီးသော ဝယ်နိုင်ဘူး။,သည်ပစ္စည်းက ဈေးကြီးသောကြောင့် မဝယ်နိုင်ဘူး။
သည်အိမ်ကကျယ်သောကြောင့် ဧည့်သည်အများကြီးဖိတ်နိုင်သည်။,သည်အိမ်က ကျယ်ဝန်းသောကြောင့် ဧည့်သည်အများကြီးဖိတ်နိုင်သည်။
ဤရေခဲမုန့်က အရမ်းအေးသောကြောင့် လျှာအေးသွားသည်။,ဤရေခဲမုန့်က အရမ်းအေးသောကြောင့် လျှာအေးသွားသည်။
ဤစာအုပ်က ပညာဗဟုသုတများသော ဖြစ်သည်။,ဤစာအုပ်က ပညာဗဟုသုတများသော စာအုပ်ဖြစ်သည်။
ကလေးက ဆူညံအသံဖြင့် အော်ဟစ်နေသည်။,ကလေးက ဆူညံသော အသံဖြင့် အော်ဟစ်နေသည်။
ဤအဆောက်အအုံက မြင့်မားသောကြောင့် မိုးမျှော်တိုက်သည်။,ဤအဆောက်အအုံက မြင့်မားသောကြောင့် မိုးမျှော်တိုက်ဖြစ်သည်။
သူသည် ခွန်အားကြီးသော ယောက်ျားတစ်ယောက်သည်။,သူသည် ခွန်အားကြီးသော ယောက်ျားတစ်ယောက်ဖြစ်သည်။
ဤပန်းက လုပသောပန်းဖြစ်သည်။,ဤပန်းက လှပသောပန်းဖြစ်သည်။
ဤလက်ဖက်ရည်က ခါးသောကြောင့် မသောက်တော့ဘူး။,ဤလက်ဖက်ရည်က ခါးသက်သောကြောင့် မသောက်တော့ဘူး။
ထိုမိန်းကလေးသည် ရိုးသားဖြောင့်မတ် မိန်းကလေးဖြစ်သည်။,ထိုမိန်းကလေးသည် ရိုးသားဖြောင့်မတ်သော မိန်းကလေးဖြစ်သည်။
ထိုလူကြီးက သဘောကြီးသော လူဖြစ်သည်။,ထိုလူကြီးက သဘောထားကြီးသော လူဖြစ်သည်။
ဤကလေးက စိတ်ဆိုးသော ကလေးဖြစ်သည်။,ဤကလေးက စိတ်တိုသော ကလေးဖြစ်သည်။
ဤပန်းချီကားက လှသော ပန်းချီကားဖြစ်သည်။,ဤပန်းချီကားက လှပသော ပန်းချီကားဖြစ်သည်။
ဤနေရာက ကြောက်သော နေရာဖြစ်လို့ မသွားရဲဘူး။,ဤနေရာက ကြောက်စရာကောင်းသော နေရာဖြစ်လို့ မသွားရဲဘူး။
ဝက်သည် ဆူသော တိရစ္ဆာန်ဖြစ်၍ အဆီများသည်။,ဝက်သည် ဆူဖြိုးသော တိရစ္ဆာန်ဖြစ်၍ အဆီများသည်။
သူ ပေးစာကို ဖတ်သည်။,သူ ပေးသောစာကို ဖတ်သည်။
ကျွန်တော် တွေ့လူကို စကားပြောသည်။,ကျွန်တော် တွေ့သည့်လူကို စကားပြောသည်။
သူမ ချက်ဟင်းကို စားသည်။,သူမ ချက်ထားသောဟင်းကို စားသည်။
ကျွန်တော်တို့ သွားလမ်းကို မှတ်ထားသည်။,ကျွန်တော်တို့ သွားသည့်လမ်းကို မှတ်ထားသည်။
ကျောင်းသားများ သင်စာကို ကျက်သည်။,ကျောင်းသားများ သင်ခဲ့သောစာကို ကျက်သည်။
ကလေးများ ဆော့ကစားကို ကြည့်သည်။,ကလေးများ ဆော့ကစားသောကစားပွဲကို ကြည့်သည်။
သူငယ်ချင်းများ ဝယ်အင်္ကျီကို ဝတ်သည်။,သူငယ်ချင်းများ ဝယ်သည့်အင်္ကျီကို ဝတ်သည်။
ကျွန်တော် ကြားသတင်းကို ပြောပြသည်။,ကျွန်တော် ကြားသည့်သတင်းကို ပြောပြသည်။
သူ ဆောက်အိမ်ကို ပြန်သည်။,သူ ဆောက်ခဲ့သောအိမ်ကို ပြန်သည်။
သူမ ခြယ်ပုံကို ပြသည်။,သူမ ခြယ်ထားသောပုံကို ပြသည်။
အမေ ပြုလုပ်မုန့်ကို ဝေသည်။,အမေ ပြုလုပ်ထားသောမုန့်ကို ဝေသည်။
သူတို့ ရိုက်ပုံကို မြင်သည်။,သူတို့ ရိုက်ထားသောပုံကို မြင်သည်။
ငါ သိလူကို တွေ့သည်။,ငါ သိသည့်လူကို တွေ့သည်။
သူ ရွေးစာအုပ်ကို ဖတ်သည်။,သူ ရွေးထားသောစာအုပ်ကို ဖတ်သည်။
ငါတို့ စိုက်သစ်ပင်ကို ရေလောင်းသည်။,ငါတို့ စိုက်ပျိုးထားသောသစ်ပင်ကို ရေလောင်းသည်။
သူ သယ်ပစ္စည်းကို ချသည်။,သူ သယ်လာသည့်ပစ္စည်းကို ချသည်။
သူမ ပြောစကားကို မှတ်သည်။,သူမ ပြောသောစကားကို မှတ်သည်။
သူတို့ ယူပိုက်ဆံကို ပြန်ပေးသည်။,သူတို့ ယူထားသောပိုက်ဆံကို ပြန်ပေးသည်။
ကလေး ဖြတ်သစ်သားကို ဆေးသုတ်သည်။,ကလေး ဖြတ်ထားသောသစ်သားကို ဆေးသုတ်သည်။
ကျွန်တော် ဖွင့်တံခါးကို ပြန်ပိတ်သည်။,ကျွန်တော် ဖွင့်ခဲ့သောတံခါးကို ပြန်ပိတ်သည်။
သူ ဖန်တီးပုံကို ပြသည်။,သူ ဖန်တီးထားသောပုံကို ပြသည်။
သူမ ရေးစာကို ပို့သည်။,သူမ ရေးထားသောစာကို ပို့သည်။
ငါ တွေ့ဆရာကို နှုတ်ဆက်သည်။,ငါ တွေ့သည့်ဆရာကို နှုတ်ဆက်သည်။
သူတို့ ကြည့်ရုပ်ရှင်ကို ပြန်ပြောသည်။,သူတို့ ကြည့်ခဲ့သောရုပ်ရှင်ကို ပြန်ပြောသည်။
ကျွန်တော် ဖွင့်မီးကို ပိတ်လိုက်သည်။,ကျွန်တော် ဖွင့်ထားသောမီးကို ပိတ်လိုက်သည်။
သူတို့ သွားနေရာကို လမ်းညွှန်သည်။,သူတို့ သွားခဲ့သည့်နေရာကို လမ်းညွှန်သည်။
ကျွန်မ ဝယ်အသီးကို စားသည်။,ကျွန်မ ဝယ်သည့်အသီးကို စားသည်။
သူ ပစ်ဘောလုံးကို ပြန်ယူသည်။,သူ ပစ်လိုက်သောဘောလုံးကို ပြန်ယူသည်။
ကလေး ရေးစာအုပ်ကို ပျောက်သည်။,ကလေး ရေးထားသောစာအုပ်ကို ပျောက်သည်။
သူ မွေးတိရစ္ဆာန်ကို ချစ်သည်။,သူ မွေးမြူထားသောတိရစ္ဆာန်ကို ချစ်သည်။
အိမ်ရှင်မ စိုက်ပန်းကို ရေလောင်းသည်။,အိမ်ရှင်မ စိုက်ထားသောပန်းကို ရေလောင်းသည်။
ကျွန်တော် ပြန်ပို့စာကို မဖတ်ရသေး။,ကျွန်တော် ပြန်ပို့ထားသောစာကို မဖတ်ရသေး။
သူမ ချက်ပြုတ်ဟင်းကို စားသည်။,သူမ ချက်ပြုတ်ထားသောဟင်းကို စားသည်။
ငါတို့ စုငွေကို လှူသည်။,ငါတို့ စုဆောင်းထားသောငွေကို လှူသည်။
အစ်မ ချုပ်အင်္ကျီကို ဝတ်သည်။,အစ်မ ချုပ်ထားသောအင်္ကျီကို ဝတ်သည်။
သူ ရွေးစက်ဘီးကို စီးသည်။,သူ ရွေးချယ်ထားသောစက်ဘီးကို စီးသည်။
ကျွန်တော် ဖြတ်သစ်သားကို သယ်သည်။,ကျွန်တော် ဖြတ်ထားသောသစ်သားကို သယ်သည်။
သူမ ပေးပစ္စည်းကို လက်ခံသည်။,သူမ ပေးလိုက်သောပစ္စည်းကို လက်ခံသည်။
ငါ မြင်ပုံကို ရှင်းပြသည်။,ငါ မြင်သည့်ပုံကို ရှင်းပြသည်။
သူတို့ ဆောက်ခုံကို ထားသည်။,သူတို့ ဆောက်ထားသောခုံကို ထားသည်။
ကလေး သောက်ရေကို ပြန်ဖြည့်သည်။,ကလေး သောက်ထားသောရေကို ပြန်ဖြည့်သည်။
ကျွန်မ ရေးစာတမ်းကို ပြင်သည်။,ကျွန်မ ရေးထားသောစာတမ်းကို ပြင်သည်။
သူတို့ ဝယ်ပရိဘောဂကို နေရာချသည်။,သူတို့ ဝယ်ထားသောပရိဘောဂကို နေရာချသည်။
သူ မွေးမြူကြက်ကို ရောင်းသည်။,သူ မွေးမြူထားသောကြက်ကို ရောင်းသည်။
သူမ ချက်ပြုတ်အသားကို စားသည်။,သူမ ချက်ပြုတ်ထားသောအသားကို စားသည်။
ကလေး ရွေးကစားစရာကို ယူသည်။,ကလေး ရွေးထားသောကစားစရာကို ယူသည်။
သူ ဆွဲကားကို ပြသည်။,သူ ဆွဲထားသောကားကို ပြသည်။
ကျွန်တော် ပြုလုပ်ပစ္စည်းကို ပြန်ယူသည်။,ကျွန်တော် ပြုလုပ်ထားသောပစ္စည်းကို ပြန်ယူသည်။
ကလေးကို ငိုသဖြင့် မိခင်စိတ်မကောင်းဖြစ်သည်။,ကလေးကို ငိုစေသဖြင့် မိခင်စိတ်မကောင်းဖြစ်သည်။
သူ၏အပြုအမူက လူတိုင်း ရယ်မောသည်။,သူ၏အပြုအမူက လူတိုင်းကို ရယ်မောစေသည်။
ဤဆေးက ခေါင်းကိုက်ပျောက်သည်။,ဤဆေးက ခေါင်းကိုက်ပျောက်စေသည်။
ဤသီချင်းသံက ကျွန်ုပ်ကို ပျော်ရွှင်သည်။,ဤသီချင်းသံက ကျွန်ုပ်ကို ပျော်ရွှင်စေသည်။
ထိုဖြစ်ရပ်က ကျွန်ုပ်တို့ကို တွေးတောမိသည်။,ထိုဖြစ်ရပ်က ကျွန်ုပ်တို့ကို တွေးတောမိစေသည်။
အစာကောင်းစွာ စားသုံးခြင်းသည် ကိုယ်ခံအားကောင်းမွန်သည်။,အစာကောင်းစွာ စားသုံးခြင်းသည် ကိုယ်ခံအားကောင်းမွန်စေသည်။
ဤဇာတ်လမ်းက ကျွန်တော့်ကို စိတ်ဝင်စားသည်။,ဤဇာတ်လမ်းက ကျွန်တော့်ကို စိတ်ဝင်စားစေသည်။
သင်၏စကားက ကျွန်တော့်ကို စိတ်ချမ်းသာသည်။,သင်၏စကားက ကျွန်တော့်ကို စိတ်ချမ်းသာစေသည်။
ဤအစီအစဉ်သည် ကျောင်းသားများ ပညာတတ်သည်။,ဤအစီအစဉ်သည် ကျောင်းသားများကို ပညာတတ်စေသည်။
သူ၏အောင်မြင်မှုက ကျွန်တော့်ကို အားကျသည်။,သူ၏အောင်မြင်မှုက ကျွန်တော့်ကို အားကျစေသည်။
လေ့ကျင့်ခန်းပုံမှန်လုပ်ခြင်းသည် ခန္ဓာကိုယ်ကျန်းမာသည်။,လေ့ကျင့်ခန်းပုံမှန်လုပ်ခြင်းသည် ခန္ဓာကိုယ်ကျန်းမာစေသည်။
အိပ်ရေးဝဝအိပ်ခြင်းသည် ဦးနှောက်ကြည်လင်သည်။,အိပ်ရေးဝဝအိပ်ခြင်းသည် ဦးနှောက်ကြည်လင်စေသည်။
ဤပန်းချီကားက ကျွန်ုပ်ကို အံ့သြသည်။,ဤပန်းချီကားက ကျွန်ုပ်ကို အံ့သြစေသည်။
သူ၏အမူအရာက ကျွန်တော့်ကို ဒေါသထွက်သည်။,သူ၏အမူအရာက ကျွန်တော့်ကို ဒေါသထွက်စေသည်။
အမှားမှသင်ယူခြင်းသည် လူကို ကြီးပြင်းသည်။,အမှားမှသင်ယူခြင်းသည် လူကို ကြီးပြင်းစေသည်။
ကော်ဖီသောက်ခြင်းက စိတ်နိုးကြားသည်။,ကော်ဖီသောက်ခြင်းက စိတ်နိုးကြားစေသည်။
ထိုရုပ်ရှင်က ပရိသတ်ကို ကြောက်သည်။,ထိုရုပ်ရှင်က ပရိသတ်ကို ကြောက်စေသည်။
ဤသတင်းက လူတိုင်းကို စိတ်လှုပ်ရှားသည်။,ဤသတင်းက လူတိုင်းကို စိတ်လှုပ်ရှားစေသည်။
နွေးထွေးသောဆက်ဆံရေးသည် မိသားစု ပျော်ရွှင်သည်။,နွေးထွေးသောဆက်ဆံရေးသည် မိသားစုကို ပျော်ရွှင်စေသည်။
ပညာသည် လူကို တန်ဖိုးရှိသည်။,ပညာသည် လူကို တန်ဖိုးရှိစေသည်။
ဆရာ၏ရှင်းပြချက်က ကျွန်တော့်ကို နားလည်သည်။,ဆရာ၏ရှင်းပြချက်က ကျွန်တော့်ကို နားလည်စေသည်။
ဤအချက်အလက်က ကျွန်ုပ်တို့ကို သဘောပေါက်သည်။,ဤအချက်အလက်က ကျွန်ုပ်တို့ကို သဘောပေါက်စေသည်။
၎င်း၏အောင်မြင်မှုက ကျွန်တော့်ကို စိတ်ဓာတ်ခွန်အားဖြစ်သည်။,၎င်း၏အောင်မြင်မှုက ကျွန်တော့်ကို စိတ်ဓာတ်ခွန်အားဖြစ်စေသည်။
ထိုဖြစ်ရပ်က ကျွန်ုပ်တို့ကို နားလည်သည်။,ထိုဖြစ်ရပ်က ကျွန်ုပ်တို့ကို နားလည်စေသည်။
သီချင်းသည် ပရိသတ်ကို တက်ကြွသည်။,သီချင်းသည် ပရိသတ်ကို တက်ကြွစေသည်။
ဤသတင်းက ကျွန်တော့်ကို စိုးရိမ်သည်။,ဤသတင်းက ကျွန်တော့်ကို စိုးရိမ်စေသည်။
၎င်း၏အပြောအဆိုက လူကို ယုံကြည်သည်။,၎င်း၏အပြောအဆိုက လူကို ယုံကြည်စေသည်။
မကောင်းသောစကားသည် လူကို စိတ်ဆင်းရဲသည်။,မကောင်းသောစကားသည် လူကို စိတ်ဆင်းရဲစေသည်။
ဤပုံက ကျွန်တော့်ကို ငိုသည်။,ဤပုံက ကျွန်တော့်ကို ငိုစေသည်။
ဤအခြေအနေက ကျွန်တော့်ကို စိတ်ဖိစီးသည်။,ဤအခြေအနေက ကျွန်တော့်ကို စိတ်ဖိစီးစေသည်။
စာအုပ်များစွာ ဖတ်ခြင်းသည် အသိပညာ ကြွယ်ဝသည်။,စာအုပ်များစွာ ဖတ်ခြင်းသည် အသိပညာ ကြွယ်ဝစေသည်။
သူ့ရဲ့အပြုံးက ကျွန်တော့်ကို ရွှင်လန်းသည်။,သူ့ရဲ့အပြုံးက ကျွန်တော့်ကို ရွှင်လန်းစေသည်။
ဤရနံ့သည် စိတ်ကို လန်းဆန်းသည်။,ဤရနံ့သည် စိတ်ကို လန်းဆန်းစေသည်။
ဤရလဒ်သည် ကျွန်ုပ်တို့ကို ကျေနပ်သည်။,ဤရလဒ်သည် ကျွန်ုပ်တို့ကို ကျေနပ်စေသည်။
ကလေးရဲ့ရယ်သံက အမေ့ကို ပျော်သည်။,ကလေးရဲ့ရယ်သံက အမေ့ကို ပျော်စေသည်။
ဤအချက်က ကျွန်တော့်ကို အံ့ဩသည်။,ဤအချက်က ကျွန်တော့်ကို အံ့ဩစေသည်။
ကောင်းသောအတွေးက စိတ်တည်ငြိမ်သည်။,ကောင်းသောအတွေးက စိတ်တည်ငြိမ်စေသည်။
ဆရာ၏အကြံဉာဏ်က ကျွန်တော့်ကို အားရှိသည်။,ဆရာ၏အကြံဉာဏ်က ကျွန်တော့်ကို အားရှိစေသည်။
အသံချဲ့စက်သည် အသံကို ကျယ်လောင်သည်။,အသံချဲ့စက်သည် အသံကို ကျယ်လောင်စေသည်။
စိတ်အားထက်သန်မှုသည် လူကို အောင်မြင်သည်။,စိတ်အားထက်သန်မှုသည် လူကို အောင်မြင်စေသည်။
သူတို့၏ဆန္ဒသည် ကျွန်ုပ်တို့ကို အံ့ဩသည်။,သူတို့၏ဆန္ဒသည် ကျွန်ုပ်တို့ကို အံ့ဩစေသည်။
လွတ်လပ်မှုသည် လူကို ပျော်ရွှင်သည်။,လွတ်လပ်မှုသည် လူကို ပျော်ရွှင်စေသည်။
သူ၏ကြိုးစားမှုက ကျွန်တော့်ကို အတုယူသည်။,သူ၏ကြိုးစားမှုက ကျွန်တော့်ကို အတုယူစေသည်။
မကောင်းသောသတင်းသည် လူကို စိတ်ဓာတ်ကျသည်။,မကောင်းသောသတင်းသည် လူကို စိတ်ဓာတ်ကျစေသည်။
ကောင်းသောအတွေးသည် စိတ်ကို အေးချမ်းသည်။,ကောင်းသောအတွေးသည် စိတ်ကို အေးချမ်းစေသည်။
ကရုဏာစိတ်သည် လူတိုင်းကို ချစ်ခင်သည်။,ကရုဏာစိတ်သည် လူတိုင်းကို ချစ်ခင်စေသည်။
လေယာဉ်ပေါ်တွင် စားသောက်နှင့် အိပ်ခန်းများရှိသည်။,လေယာဉ်ပေါ်တွင် စားသောက်ခန်းနှင့် အိပ်ခန်းများရှိသည်။
ဤမြို့တွင် စက်မှုနှင့် လက်မှုလုပ်ငန်းများရှိသည်။,ဤမြို့တွင် စက်မှုလုပ်ငန်းနှင့် လက်မှုလုပ်ငန်းများရှိသည်။
နိုင်ငံတော်တွင် တရားဥပဒေနှင့် အုပ်ချုပ်ရေးကဏ္ဍတိုကို အားကောင်းစေသည်။,နိုင်ငံတော်တွင် တရားဥပဒေကဏ္ဍနှင့် အုပ်ချုပ်ရေးကဏ္ဍတိုကို အားကောင်းစေသည်။
မင်းသားသည် စစ်ရေးနှင့် စာပေပညာကျွမ်းကျင်သည်။,မင်းသားသည် စစ်ရေးပညာနှင့် စာပေပညာကျွမ်းကျင်သည်။
ကျောင်းသားများသည် ပုံဆွဲနှင့် ရုပ်တုထုပညာကို လေ့လာသည်။,ကျောင်းသားများသည် ပုံဆွဲပညာနှင့် ရုပ်တုထုပညာကို လေ့လာသည်။
ကုမ္ပဏီတွင် ရောင်းချနှင့် စျေးကွက်ဌာနများရှိသည်။,ကုမ္ပဏီတွင် ရောင်းချရေးဌာနနှင့် စျေးကွက်ရှာဖွေရေးဌာနများရှိသည်။
ဤနိုင်ငံမှာ ပညာရေးနှင့် ကျန်းမာရေးစနစ်တိုက ကောင်းမွန်သည်။,ဤနိုင်ငံမှာ ပညာရေးစနစ်နှင့် ကျန်းမာရေးစနစ်တိုက ကောင်းမွန်သည်။
ညစာတွင် ဆန်ပြုတ်နှင့် ကြက်ဥဟင်းများပါဝင်သည်။,ညစာတွင် ဆန်ပြုတ်ဟင်းနှင့် ကြက်ဥဟင်းများပါဝင်သည်။
သင်တန်းကျောင်းတွင် စာရင်းကိုင်နှင့် ကွန်ပျူတာဘာသာရပ်များရှိသည်။,သင်တန်းကျောင်းတွင် စာရင်းကိုင်ဘာသာရပ်နှင့် ကွန်ပျူတာဘာသာရပ်များရှိသည်။
သူသည် ပန်းချီနှင့် ဂီတအနုပညာကို နှစ်သက်သည်။,သူသည် ပန်းချီအနုပညာနှင့် ဂီတအနုပညာကို နှစ်သက်သည်။
ဤစာအုပ်က သမိုင်းနှင့် ဒဿနိကဗေဒနယ်ပယ်တို့အတွက် အသုံးဝင်သည်။,ဤစာအုပ်က သမိုင်းနယ်ပယ်နှင့် ဒဿနိကဗေဒနယ်ပယ်တို့အတွက် အသုံးဝင်သည်။
စစ်တပ်တွင် လေတပ်နှင့် ရေတပ်အဖွဲ့များရှိသည်။,စစ်တပ်တွင် လေတပ်အဖွဲ့နှင့် ရေတပ်အဖွဲ့များရှိသည်။
သူသည် လူမှုရေးနှင့် နိုင်ငံရေးအဖွဲ့အစည်းများတွင် ပါဝင်သည်။,သူသည် လူမှုရေးအဖွဲ့အစည်းနှင့် နိုင်ငံရေးအဖွဲ့အစည်းများတွင် ပါဝင်သည်။
စာကြည့်တိုက်တွင် ဝတ္ထုနှင့် သမိုင်းစာအုပ်များရှိသည်။,စာကြည့်တိုက်တွင် ဝတ္ထုစာအုပ်နှင့် သမိုင်းစာအုပ်များရှိသည်။
စားပွဲပေါ်တွင် ကွန်ပျူတာနှင့် လက်ရေးဖိုင်များရှိသည်။,စားပွဲပေါ်တွင် ကွန်ပျူတာဖိုင်နှင့် လက်ရေးဖိုင်များရှိသည်။
သူ၏အလုပ်က ဘဏ်လုပ်ငန်းနှင့် ငွေကြေးဝန်ဆောင်မှုများဖြစ်သည်။,သူ၏အလုပ်က ဘဏ်လုပ်ငန်းနှင့် ငွေကြေးဝန်ဆောင်မှုလုပ်ငန်းများဖြစ်သည်။
ဤပြတိုက်တွင် သစ်သားနှင့် ကျောက်တုံးပစ္စည်းများရှိသည်။,ဤပြတိုက်တွင် သစ်သားပစ္စည်းနှင့် ကျောက်တုံးပစ္စည်းများရှိသည်။
သူ၏စကားပြောတွင် နိုင်ငံရေးနှင့် စီးပွားရေးသဘောတရားများပါဝင်သည်။,သူ၏စကားပြောတွင် နိုင်ငံရေးသဘောတရားနှင့် စီးပွားရေးသဘောတရားများပါဝင်သည်။
ကလေးများအတွက် ကာတွန်းနှင့် အရုပ်ဇာတ်လမ်းများရှိသည်။,ကလေးများအတွက် ကာတွန်းဇာတ်လမ်းနှင့် အရုပ်ဇာတ်လမ်းများရှိသည်။
စားသောက်ဆိုင်တွင် တရုတ်နှင့် ထိုင်းဟင်းလျာများရနိုင်သည်။,စားသောက်ဆိုင်တွင် တရုတ်ဟင်းလျာနှင့် ထိုင်းဟင်းလျာများရနိုင်သည်။
ဤဥယျာဉ်တွင် ပန်းနှင့် သစ်ပင်မျိုးစိတ်များရှိသည်။,ဤဥယျာဉ်တွင် ပန်းမျိုးစိတ်နှင့် သစ်ပင်မျိုးစိတ်များရှိသည်။
အစည်းအဝေးတွင် စီမံခန့်ခွဲရေးနှင့် ဘဏ္ဍာရေးအရာရှိများတက်ရောက်သည်။,အစည်းအဝေးတွင် စီမံခန့်ခွဲရေးအရာရှိနှင့် ဘဏ္ဍာရေးအရာရှိများတက်ရောက်သည်။
သူသည် ပင်လယ်နှင့် သဲကန္တာရခရီးများသွားသည်။,သူသည် ပင်လယ်ခရီးနှင့် သဲကန္တာရခရီးများသွားသည်။
ကျောင်းတွင် အားကစားနှင့် ဂီတခန်းမများရှိသည်။,ကျောင်းတွင် အားကစားခန်းမနှင့် ဂီတခန်းမများရှိသည်။
စာရွက်စာတမ်းတွင် အစနှင့် အဆုံးရက်စွဲများဖော်ပြသည်။,စာရွက်စာတမ်းတွင် အစရက်စွဲနှင့် အဆုံးရက်စွဲများဖော်ပြသည်။
အဆောက်အဦးတွင် ဝင်နှင့် ထွက်ပေါက်များရှိသည်။,အဆောက်အဦးတွင် ဝင်ပေါက်နှင့် ထွက်ပေါက်များရှိသည်။
ဤနေရာတွင် မုန့်နှင့် လက်ဖက်ရည်ဆိုင်များရှိသည်။,ဤနေရာတွင် မုန့်ဆိုင်နှင့် လက်ဖက်ရည်ဆိုင်များရှိသည်။
ကုမ္ပဏီတွင် အငယ်တန်းနှင့် အကြီးတန်းဝန်ထမ်းများရှိသည်။,ကုမ္ပဏီတွင် အငယ်တန်းဝန်ထမ်းနှင့် အကြီးတန်းဝန်ထမ်းများရှိသည်။
ကျွန်တော်တို့သည် အတိတ်နှင့် အနာဂတ်အကြောင်းကို ဆွေးနွေးသည်။,ကျွန်တော်တို့သည် အတိတ်အကြောင်းနှင့် အနာဂတ်အကြောင်းကို ဆွေးနွေးသည်။
သူသည် စိတ်ပညာနှင့် လူမှုဗေဒကျောင်းတက်သည်။,သူသည် စိတ်ပညာကျောင်းနှင့် လူမှုဗေဒကျောင်းတက်သည်။
ဆေးဆိုင်တွင် ဆေးနှင့် ဆေးပစ္စည်းများရနိုင်သည်။,ဆေးဆိုင်တွင် ဆေးဝါးနှင့် ဆေးပစ္စည်းများရနိုင်သည်။
ထမင်းစားပွဲတွင် ဇွန်းနှင့် ခက်ရင်းများရှိသည်။,ထမင်းစားပွဲတွင် ဇွန်းများနှင့် ခက်ရင်းများရှိသည်။
ဤအနုပညာသည် ရိုးရာနှင့် ခေတ်ပေါ်ဤဇိုင်းများဖြစ်သည်။,ဤအနုပညာသည် ရိုးရာနှင့် ခေတ်ပေါ်ဒီဇိုင်းများဖြစ်သည်။
စာမေးပွဲတွင် စာရေးနှင့် လက်တွေ့အပိုင်းများပါဝင်သည်။,စာမေးပွဲတွင် စာရေးဖြေဆိုခြင်းနှင့် လက်တွေ့ဖြေဆိုခြင်းအပိုင်းများပါဝင်သည်။
ကျွန်တော်တို့သည် ပုံပြင်နှင့် ရာဇဝင်စာအုပ်များဖတ်သည်။,ကျွန်တော်တို့သည် ပုံပြင်စာအုပ်နှင့် ရာဇဝင်စာအုပ်များဖတ်သည်။
ထိုပုဂ္ဂိုလ်သည် စစ်ရေးနှင့် အရပ်ဘက်ကိစ္စများတွင် ကျွမ်းကျင်သည်။,ထိုပုဂ္ဂိုလ်သည် စစ်ရေးကိစ္စနှင့် အရပ်ဘက်ကိစ္စများတွင် ကျွမ်းကျင်သည်။
သူ၏အလုပ်တွင် ပုံနှိပ်နှင့် အီလက်ထရောနစ်နည်းပညာများပါဝင်သည်။,သူ၏အလုပ်တွင် ပုံနှိပ်နည်းပညာနှင့် အီလက်ထရောနစ်နည်းပညာများပါဝင်သည်။
မင်းသားသည် စစ်ရေးကို၎င်း၊ စာပေကို၎င်း၊ အနုပညာကိုပါ ကျွမ်းကျင်သည်။,မင်းသားသည် စစ်ရေးကို၎င်း၊ စာပေကို၎င်း၊ အနုပညာကိုပါ၎င်း ကျွမ်းကျင်သည်။
သူသည် ဖခင်ကို၎င်း၊ မိခင်ကို၎င်း၊ ဆရာကိုပါ ဂါရဝပြုသည်။,သူသည် ဖခင်ကို၎င်း၊ မိခင်ကို၎င်း၊ ဆရာကိုပါ၎င်း ဂါရဝပြုသည်။
ကျွန်ုပ်သည် အတိတ်ကို၎င်း၊ ပစ္စုပ္ပန်ကို၎င်း၊ အနာဂတ်ကိုပါ မေ့ထားချေသည်။,ကျွန်ုပ်သည် အတိတ်ကို၎င်း၊ ပစ္စုပ္ပန်ကို၎င်း၊ အနာဂတ်ကိုပါ၎င်း မေ့ထားချေသည်။
ထိုပုဂ္ဂိုလ်သည် စစ်ရေးကို၎င်း၊ နိုင်ငံရေးကို၎င်း၊ စီးပွားရေးကိုပါ စိတ်မဝင်စားချေ။,ထိုပုဂ္ဂိုလ်သည် စစ်ရေးကို၎င်း၊ နိုင်ငံရေးကို၎င်း၊ စီးပွားရေးကိုပါ၎င်း စိတ်မဝင်စားချေ။
ကျွန်တော်သည် ကွန်ပျူတာကို၎င်း၊ ဖုန်းကို၎င်း၊ ရုပ်မြင်သံကြားကိုပါ မပိုင်ဆိုင်ချေ။,ကျွန်တော်သည် ကွန်ပျူတာကို၎င်း၊ ဖုန်းကို၎င်း၊ ရုပ်မြင်သံကြားကိုပါ၎င်း မပိုင်ဆိုင်ချေ။
သူသည် စာဖတ်ခြင်းကို၎င်း၊ ဂီတနားထောင်ခြင်းကို၎င်း၊ ရုပ်ရှင်ကြည့်ခြင်းကိုပါ မနှစ်သက်ချေ။,သူသည် စာဖတ်ခြင်းကို၎င်း၊ ဂီတနားထောင်ခြင်းကို၎င်း၊ ရုပ်ရှင်ကြည့်ခြင်းကိုပါ၎င်း မနှစ်သက်ချေ။
ထိုစာအုပ်တွင် ဝတ္ထုကို၎င်း၊ ကဗျာကို၎င်း၊ ဆောင်းပါးကိုပါ မတွေ့ရှိရချေ။,ထိုစာအုပ်တွင် ဝတ္ထုကို၎င်း၊ ကဗျာကို၎င်း၊ ဆောင်းပါးကိုပါ၎င်း မတွေ့ရှိရချေ။
ကျွန်ုပ်သည် အမှန်တရားကို၎င်း၊ အမှားကို၎င်း၊ လိမ်လည်မှုကိုပါ မနှစ်သက်ချေ။,ကျွန်ုပ်သည် အမှန်တရားကို၎င်း၊ အမှားကို၎င်း၊ လိမ်လည်မှုကိုပါ၎င်း မနှစ်သက်ချေ။
ကလေးသည် အိုင်စကရင်ကို၎င်း၊ သကြားလုံးကို၎င်း၊ ချောကလက်ကိုပါ မစားချေ။,ကလေးသည် အိုင်စကရင်ကို၎င်း၊ သကြားလုံးကို၎င်း၊ ချောကလက်ကိုပါ၎င်း မစားချေ။
ကျွန်တော်သည် စစ်ပွဲကို၎င်း၊ ငြိမ်းချမ်းရေးကို၎င်း၊ စစ်ပြေးဒုက္ခသည်ကိုပါ မလိုချင်ချေ။,ကျွန်တော်သည် စစ်ပွဲကို၎င်း၊ ငြိမ်းချမ်းရေးကို၎င်း၊ စစ်ပြေးဒုက္ခသည်ကိုပါ၎င်း မလိုချင်ချေ။
သူသည် ပညာရေးကို၎င်း၊ ကျန်းမာရေးကို၎င်း၊ စီးပွားရေးကိုပါ ဂရုမစိုက်ချေ။,သူသည် ပညာရေးကို၎င်း၊ ကျန်းမာရေးကို၎င်း၊ စီးပွားရေးကိုပါ၎င်း ဂရုမစိုက်ချေသည်။
ကျွန်ုပ်သည် ဤနေရာကို၎င်း၊ ထိုလူကို၎င်း၊ ဤပစ္စည်းကိုပါ မသိချေ။,ကျွန်ုပ်သည် ဤနေရာကို၎င်း၊ ထိုလူကို၎င်း၊ ဤပစ္စည်းကို၎င်း မသိချေ။
ကျွန်တော်သည် သူ၏စကားကို၎င်း၊ သူ၏အပြုအမူကို၎င်း၊ သူ၏ရည်ရွယ်ချက်ကိုပါ နားမလည်ချေ။,ကျွန်တော်သည် သူ၏စကားကို၎င်း၊ သူ၏အပြုအမူကို၎င်း၊ သူ၏ရည်ရွယ်ချက်ကို၎င်း နားမလည်ချေ။
သူတို့သည် မူလတန်းကို၎င်း၊ အလယ်တန်းကို၎င်း၊ အထက်တန်းကိုပါ မအောင်မြင်ချေ။,သူတို့သည် မူလတန်းကို၎င်း၊ အလယ်တန်းကို၎င်း၊ အထက်တန်းကိုပါ၎င်း မအောင်မြင်ချေ။
ကျွန်ုပ်သည် ချမ်းသာခြင်းကို၎င်း၊ ဆင်းရဲခြင်းကို၎င်း၊ အာဏာကိုပါ မလိုချင်ချေ။,ကျွန်ုပ်သည် ချမ်းသာခြင်းကို၎င်း၊ ဆင်းရဲခြင်းကို၎င်း၊ အာဏာကိုပါ၎င်း မလိုချင်ချေ။
ကျွန်တော်သည် အဆိပ်ကို၎င်း၊ အကြွေးကို၎င်း၊ ရန်သူကိုပါ မရှိချေ။,ကျွန်တော်သည် အဆိပ်ကို၎င်း၊ အကြွေးကို၎င်း၊ ရန်သူကိုပါ၎င်း မရှိချေ။
သူသည် အပြစ်ကို၎င်း၊ အပြစ်ပေးခြင်းကို၎င်း၊ ခွင့်လွှတ်ခြင်းကိုပါ မကြောက်ချေ။,သူသည် အပြစ်ကို၎င်း၊ အပြစ်ပေးခြင်းကို၎င်း၊ ခွင့်လွှတ်ခြင်းကိုပါ၎င်း မကြောက်ချေ။
ကျွန်ုပ်သည် ကောင်းခြင်းကို၎င်း၊ ဆိုးခြင်းကို၎င်း၊ ကြားနေခြင်းကိုပါ မသိချေ။,ကျွန်ုပ်သည် ကောင်းခြင်းကို၎င်း၊ ဆိုးခြင်းကို၎င်း၊ ကြားနေခြင်းကိုပါ၎င်း မသိချေ။
သူသည် လာခြင်းကို၎င်း၊ သွားခြင်းကို၎င်း၊ ရပ်တန့်ခြင်းကိုပါ မလုပ်ချေ။,သူသည် လာခြင်းကို၎င်း၊ သွားခြင်းကို၎င်း၊ ရပ်တန့်ခြင်းကိုပါ၎င်း မလုပ်ချေ။
ကျွန်တော်သည် လေယာဉ်ဖြင့်ခရီးသွားခြင်းကို၎င်း၊ ရထားဖြင့်ခရီးသွားခြင်းကို၎င်း၊ ကားဖြင့်ခရီးသွားခြင်းကိုပါ မနှစ်သက်ချေ။,ကျွန်တော်သည် လေယာဉ်ဖြင့်ခရီးသွားခြင်းကို၎င်း၊ ရထားဖြင့်ခရီးသွားခြင်းကို၎င်း၊ ကားဖြင့်ခရီးသွားခြင်းကိုပါ၎င်း မနှစ်သက်ချေ။
သူမသည် ၎င်းကို၎င်း၊ ထိုသူကို၎င်း၊ ဤအရာကိုပါ မကြည့်ချေ။,သူမသည် ၎င်းကို၎င်း၊ ထိုသူကို၎င်း၊ ဤအရာကိုပါ၎င်း မကြည့်ချေ။
ဤသတင်းစာသည် နိုင်ငံရေးကို၎င်း၊ အားကစားကို၎င်း၊ ဖျော်ဖြေရေးကိုပါ မဖော်ပြချေ။,ဤသတင်းစာသည် နိုင်ငံရေးကို၎င်း၊ အားကစားကို၎င်း၊ ဖျော်ဖြေရေးကိုပါ၎င်း မဖော်ပြချေ။
ကျွန်ုပ်သည် သူ၏အသံကို၎င်း၊ သူ၏အမူအရာကို၎င်း၊ သူ၏အပြောအဆိုကိုပါ မကြားချေ။,ကျွန်ုပ်သည် သူ၏အသံကို၎င်း၊ သူ၏အမူအရာကို၎င်း၊ သူ၏အပြောအဆိုကိုပါ၎င်း မကြားချေ။
ကျွန်တော်သည် အမှိုက်ကို၎င်း၊ ဖုန်ကို၎င်း၊ အညစ်အကြေးကိုပါ မမြင်ချေ။,ကျွန်တော်သည် အမှိုက်ကို၎င်း၊ ဖုန်ကို၎င်း၊ အညစ်အကြေးကိုပါ၎င်း မမြင်ချေ။
ထိုကလေးသည် ပညာကို၎င်း၊ အသိပညာကို၎င်း၊ ဉာဏ်ပညာကိုပါ မသင်ယူချေ။,ထိုကလေးသည် ပညာကို၎င်း၊ အသိပညာကို၎င်း၊ ဉာဏ်ပညာကိုပါ၎င်း မသင်ယူချေ။
ကျွန်ုပ်သည် ပင်ပန်းခြင်းကို၎င်း၊ ဆင်းရဲခြင်းကို၎င်း၊ စိတ်ဓာတ်ကျခြင်းကိုပါ မကြောက်ချေ။,ကျွန်ုပ်သည် ပင်ပန်းခြင်းကို၎င်း၊ ဆင်းရဲခြင်းကို၎င်း၊ စိတ်ဓာတ်ကျခြင်းကိုပါ၎င်း မကြောက်ချေ။
သူသည် ရိုးသားခြင်းကို၎င်း၊ ရိုးသားမှုမရှိခြင်းကို၎င်း၊ ရိုးသားမှုမရှိခြင်းကိုပါ မသိချေ။,သူသည် ရိုးသားခြင်းကို၎င်း၊ ရိုးသားမှုမရှိခြင်းကို၎င်း၊ ရိုးသားမှုမရှိခြင်းကိုပါ၎င်း မသိချေ။
ကျွန်တော်သည် အလင်းကို၎င်း၊ အမှောင်ကို၎င်း၊ အရောင်ကိုပါ မမြင်ရချေ။,ကျွန်တော်သည် အလင်းကို၎င်း၊ အမှောင်ကို၎င်း၊ အရောင်ကိုပါ၎င်း မမြင်ရချေ။
ကျွန်ုပ်သည် အောင်မြင်ခြင်းကို၎င်း၊ မအောင်မြင်ခြင်းကို၎င်း၊ ထာဝရကိုပါ မသိချေ။,ကျွန်ုပ်သည် အောင်မြင်ခြင်းကို၎င်း၊ မအောင်မြင်ခြင်းကို၎င်း၊ ထာဝရကိုပါ၎င်း မသိချေ။
သူသည် ပန်းပုထုခြင်းကို၎င်း၊ ပန်းချီဆွဲခြင်းကို၎င်း၊ သီချင်းဆိုခြင်းကိုပါ မလုပ်ချေ။,သူသည် ပန်းပုထုခြင်းကို၎င်း၊ ပန်းချီဆွဲခြင်းကို၎င်း၊ သီချင်းဆိုခြင်းကိုပါ၎င်း မလုပ်ချေ။
ကျွန်တော်သည် မနက်ဖြန်ကို၎င်း၊ သန်ဘက်ခါကို၎င်း၊ နောင်နှစ်ကိုပါ မတွေးတောချေ။,ကျွန်တော်သည် မနက်ဖြန်ကို၎င်း၊ သန်ဘက်ခါကို၎င်း၊ နောင်နှစ်ကိုပါ၎င်း မတွေးတောချေ။
သူမသည် ဤနေရာကို၎င်း၊ ထိုနေရာကို၎င်း၊ ဘယ်နေရာကိုပါ မကြည့်ချေ။,သူမသည် ဤနေရာကို၎င်း၊ ထိုနေရာကို၎င်း၊ ဘယ်နေရာကိုပါ၎င်း မကြည့်ချေ။
ကျွန်ုပ်သည် ကောင်းကင်ကို၎င်း၊ မြေကြီးကို၎င်း၊ ကမ္ဘာမြေကိုပါ မမြင်ချေ။,ကျွန်ုပ်သည် ကောင်းကင်ကို၎င်း၊ မြေကြီးကို၎င်း၊ ကမ္ဘာမြေကိုပါ၎င်း မမြင်ချေ။
ကျွန်တော်သည် အတ္တကို၎င်း၊ ပရကို၎င်း၊ သစ္စာကိုပါ မစဉ်းစားချေ။,ကျွန်တော်သည် အတ္တကို၎င်း၊ ပရကို၎င်း၊ သစ္စာကိုပါ၎င်း မစဉ်းစားချေ။
ထိုပညာသည် လောကကို၎င်း၊ သတ္တဝါကို၎င်း၊ ကောင်းကင်ဘုံကိုပါ မသိချေ။,ထိုပညာသည် လောကကို၎င်း၊ သတ္တဝါကို၎င်း၊ ကောင်းကင်ဘုံကိုပါ၎င်း မသိချေ။
သူသည် အမှန်တရားကို၎င်း၊ အမှားကို၎င်း၊ လိမ်လည်မှုကိုပါ မယုံကြည်ချေ။,သူသည် အမှန်တရားကို၎င်း၊ အမှားကို၎င်း၊ လိမ်လည်မှုကိုပါ၎င်း မယုံကြည်ချေ။
ကျွန်ုပ်သည် အတ္တကို၎င်း၊ မေတ္တာကို၎င်း၊ ကရုဏာကိုပါ မရှိချေ။,ကျွန်ုပ်သည် အတ္တကို၎င်း၊ မေတ္တာကို၎င်း၊ ကရုဏာကိုပါ၎င်း မရှိချေ။
သူသည် အစာကို၎င်း၊ ရေကို၎င်း၊ အဝတ်အစားကိုပါ မလိုချေ။,သူသည် အစာကို၎င်း၊ ရေကို၎င်း၊ အဝတ်အစားကိုပါ၎င်း မလိုချေ။
ကျွန်တော်သည် အမြင်ကို၎င်း၊ အကြားကို၎င်း၊ အထိအတွေ့ကိုပါ မခံစားရချေ။,ကျွန်တော်သည် အမြင်ကို၎င်း၊ အကြားကို၎င်း၊ အထိအတွေ့ကိုပါ၎င်း မခံစားရချေ။
ထိုပုဂ္ဂိုလ်သည် စာအုပ်ကို၎င်း၊ စာရွက်ကို၎င်း၊ ကလောင်ကိုပါ မကိုင်ချေ။,ထိုပုဂ္ဂိုလ်သည် စာအုပ်ကို၎င်း၊ စာရွက်ကို၎င်း၊ ကလောင်ကိုပါ၎င်း မကိုင်ချေ။
ကျွန်ုပ်သည် အေးခြင်းကို၎င်း၊ ပူခြင်းကို၎င်း၊ မျှတခြင်းကိုပါ မသိချေ။,ကျွန်ုပ်သည် အေးခြင်းကို၎င်း၊ ပူခြင်းကို၎င်း၊ မျှတခြင်းကိုပါ၎င်း မသိချေ။
ကျွန်တော်သည် တိုက်ပွဲကို၎င်း၊ ငြိမ်းချမ်းရေးကို၎င်း၊ စစ်ပွဲကိုပါ မလိုချေ။,ကျွန်တော်သည် တိုက်ပွဲကို၎င်း၊ ငြိမ်းချမ်းရေးကို၎င်း၊ စစ်ပွဲကိုပါ၎င်း မလိုချေ။
သူသည် သေခြင်းကို၎င်း၊ ရှင်ခြင်းကို၎င်း၊ ထာဝရကိုပါ မသိချေ။,သူသည် သေခြင်းကို၎င်း၊ ရှင်ခြင်းကို၎င်း၊ ထာဝရကိုပါ၎င်း မသိချေ။
ကျွန်ုပ်သည် လူကို၎င်း၊ တိရစ္ဆာန်ကို၎င်း၊ အပင်ကိုပါ မကြောက်ချေ။,ကျွန်ုပ်သည် လူကို၎င်း၊ တိရစ္ဆာန်ကို၎င်း၊ အပင်ကိုပါ၎င်း မကြောက်ချေ။
သူသည် အနာဂတ်ကို၎င်း၊ အတိတ်ကို၎င်း၊ ပစ္စုပ္ပန်ကိုပါ မတွေးတောချေ။,သူသည် အနာဂတ်ကို၎င်း၊ အတိတ်ကို၎င်း၊ ပစ္စုပ္ပန်ကိုပါ၎င်း မတွေးတောချေ။
ကျွန်တော်သည် စာဖတ်ခြင်းကို၎င်း၊ စာရေးခြင်းကို၎င်း၊ စကားပြောခြင်းကိုပါ မလုပ်ချေ။,ကျွန်တော်သည် စာဖတ်ခြင်းကို၎င်း၊ စာရေးခြင်းကို၎င်း၊ စကားပြောခြင်းကိုပါ၎င်း မလုပ်ချေ။
ထိုအရာသည် အကောင်းကို၎င်း၊ အဆိုးကို၎င်း၊ အလယ်အလတ်ကိုပါ မသိချေ။,ထိုအရာသည် အကောင်းကို၎င်း၊ အဆိုးကို၎င်း၊ အလယ်အလတ်ကိုပါ၎င်း မသိချေ။
ကျွန်ုပ်သည် အမှန်ကို၎င်း၊ အမှားကို၎င်း၊ အစစ်အမှန်ကိုပါ မပြောချေ။,ကျွန်ုပ်သည် အမှန်ကို၎င်း၊ အမှားကို၎င်း၊ အစစ်အမှန်ကိုပါ၎င်း မပြောချေ။
သူသည် အလှကို၎င်း၊ အချိုးကို၎င်း၊ အဆင်ကိုပါ မသိချေ။,သူသည် အလှကို၎င်း၊ အချိုးကို၎င်း၊ အဆင်ကိုပါ၎င်း မသိချေ။
ကျွန်တော်သည် ဤဘဝကို၎င်း၊ ထိုဘဝကို၎င်း၊ နောင်ဘဝကိုပါ မရှိချေ။,ကျွန်တော်သည် ဤဘဝကို၎င်း၊ ထိုဘဝကို၎င်း၊ နောင်ဘဝကိုပါ၎င်း မရှိချေ။
ထိုအလုပ်ကို သူလုပ်သည်ဖြစ်စေ၊ ငါလုပ်သည်ဖြစ်စေ၊ အရေးမကြီးပါ။,ထိုအလုပ်ကို သူလုပ်သည်ဖြစ်စေ၊ ငါလုပ်သည်ဖြစ်စေ၊ တခြားလူလုပ်သည်ဖြစ်စေ အရေးမကြီးပါ။
ဤပန်းချီကားက အနုပညာကိုဖြစ်စေ၊ ဂီတကိုဖြစ်စေ၊ ရုပ်ရှင်ကိုပါ သရုပ်ဖော်သည်။,ဤပန်းချီကားက အနုပညာကိုဖြစ်စေ၊ ဂီတကိုဖြစ်စေ၊ ရုပ်ရှင်ကိုဖြစ်စေ သရုပ်ဖော်သည်။
သူသည် အမှန်တရားကိုဖြစ်စေ၊ အမှားကိုဖြစ်စေ၊ လိမ်လည်မှုကိုပါ မနှစ်သက်ချေ။,သူသည် အမှန်တရားကိုဖြစ်စေ၊ အမှားကိုဖြစ်စေ၊ လိမ်လည်မှုကိုဖြစ်စေ မနှစ်သက်ချေ။
ဤစီမံကိန်းသည် ပြည်တွင်းကိုဖြစ်စေ၊ ပြည်ပကိုဖြစ်စေ၊ ဒေသခံကိုပါ အကျိုးပြုသည်။,ဤစီမံကိန်းသည် ပြည်တွင်းကိုဖြစ်စေ၊ ပြည်ပကိုဖြစ်စေ၊ ဒေသခံကိုဖြစ်စေ အကျိုးပြုသည်။
သည်နေရာတွင် စားစရာကိုဖြစ်စေ၊ သောက်စရာကိုဖြစ်စေ၊ သုံးစွဲစရာကိုပါ မရနိုင်။,သည်နေရာတွင် စားစရာကိုဖြစ်စေ၊ သောက်စရာကိုဖြစ်စေ၊ သုံးစွဲစရာကိုဖြစ်စေ မရနိုင်။
သူသည် ဘဝကိုဖြစ်စေ၊ သေခြင်းကိုဖြစ်စေ၊ ပြန်လည်မွေးဖွားခြင်းကိုပါ စိတ်မဝင်စားချေ။,သူသည် ဘဝကိုဖြစ်စေ၊ သေခြင်းကိုဖြစ်စေ၊ ပြန်လည်မွေးဖွားခြင်းကိုဖြစ်စေ စိတ်မဝင်စားချေ။
ထိုဖြစ်ရပ်က ကျွန်ုပ်တို့ကို ကြည်နူးမှုကိုဖြစ်စေ၊ ဝမ်းနည်းမှုကိုဖြစ်စေ၊ အံ့သြမှုကိုပါ ခံစားစေသည်။,ထိုဖြစ်ရပ်က ကျွန်ုပ်တို့ကို ကြည်နူးမှုကိုဖြစ်စေ၊ ဝမ်းနည်းမှုကိုဖြစ်စေ၊ အံ့သြမှုကိုဖြစ်စေ ခံစားစေသည်။
မင်းသားသည် မြို့တွင်ဖြစ်စေ၊ ကျေးလက်တွင်ဖြစ်စေ၊ တောထဲတွင်ပါ အောင်မြင်သည်။,မင်းသားသည် မြို့တွင်ဖြစ်စေ၊ ကျေးလက်တွင်ဖြစ်စေ၊ တောထဲတွင်ဖြစ်စေ အောင်မြင်သည်။
ကျွန်ုပ်သည် မိုးသည်းသည်ဖြစ်စေ၊ နေပူသည်ဖြစ်စေ၊ ဆီးနှင်းကျသည်ကိုပါ မကြောက်ချေ။,ကျွန်ုပ်သည် မိုးသည်းသည်ဖြစ်စေ၊ နေပူသည်ဖြစ်စေ၊ ဆီးနှင်းကျသည်ဖြစ်စေ မကြောက်ချေ။
ကျွန်တော်သည် ကွန်ပျူတာကိုဖြစ်စေ၊ ဖုန်းကိုဖြစ်စေ၊ ရုပ်မြင်သံကြားကိုပါ မပိုင်ဆိုင်ချေ။,ကျွန်တော်သည် ကွန်ပျူတာကိုဖြစ်စေ၊ ဖုန်းကိုဖြစ်စေ၊ ရုပ်မြင်သံကြားကိုဖြစ်စေ မပိုင်ဆိုင်ချေ။
သူသည် ပန်းပုထုခြင်းကိုဖြစ်စေ၊ ပန်းချီဆွဲခြင်းကိုဖြစ်စေ၊ သီချင်းဆိုခြင်းကိုပါ မလုပ်ချေ။,သူသည် ပန်းပုထုခြင်းကိုဖြစ်စေ၊ ပန်းချီဆွဲခြင်းကိုဖြစ်စေ၊ သီချင်းဆိုခြင်းကိုဖြစ်စေ မလုပ်ချေ။
ထိုပုဂ္ဂိုလ်သည် စစ်ရေးကိုဖြစ်စေ၊ နိုင်ငံရေးကိုဖြစ်စေ၊ စီးပွားရေးကိုပါ စိတ်မဝင်စားချေ။,ထိုပုဂ္ဂိုလ်သည် စစ်ရေးကိုဖြစ်စေ၊ နိုင်ငံရေးကိုဖြစ်စေ၊ စီးပွားရေးကိုဖြစ်စေ စိတ်မဝင်စားချေ။
ကျွန်တော်သည် စာဖတ်ခြင်းကိုဖြစ်စေ၊ ဂီတနားထောင်ခြင်းကိုဖြစ်စေ၊ ရုပ်ရှင်ကြည့်ခြင်းကိုပါ မနှစ်သက်ချေ။,ကျွန်တော်သည် စာဖတ်ခြင်းကိုဖြစ်စေ၊ ဂီတနားထောင်ခြင်းကိုဖြစ်စေ၊ ရုပ်ရှင်ကြည့်ခြင်းကိုဖြစ်စေ မနှစ်သက်ချေ။
ဤအဖွဲ့အစည်းသည် စာနယ်ဇင်းကိုဖြစ်စေ၊ အနုပညာကိုဖြစ်စေ၊ စီးပွားရေးကိုပါ လျစ်လျူရှုသည်။,ဤအဖွဲ့အစည်းသည် စာနယ်ဇင်းကိုဖြစ်စေ၊ အနုပညာကိုဖြစ်စေ၊ စီးပွားရေးကိုဖြစ်စေ လျစ်လျူရှုသည်။
သူသည် လာခြင်းကိုဖြစ်စေ၊ သွားခြင်းကိုဖြစ်စေ၊ ရပ်တန့်ခြင်းကိုပါ မလုပ်ချေ။,သူသည် လာခြင်းကိုဖြစ်စေ၊ သွားခြင်းကိုဖြစ်စေ၊ ရပ်တန့်ခြင်းကိုဖြစ်စေ မလုပ်ချေ။
ကျွန်တော်သည် အမှိုက်ကိုဖြစ်စေ၊ ဖုန်ကိုဖြစ်စေ၊ အညစ်အကြေးကိုပါ မမြင်ချေ။,ကျွန်တော်သည် အမှိုက်ကိုဖြစ်စေ၊ ဖုန်ကိုဖြစ်စေ၊ အညစ်အကြေးကိုဖြစ်စေ မမြင်ချေ။
ထိုကလေးသည် ပညာကိုဖြစ်စေ၊ အသိပညာကိုဖြစ်စေ၊ ဉာဏ်ပညာကိုပါ မသင်ယူချေ။,ထိုကလေးသည် ပညာကိုဖြစ်စေ၊ အသိပညာကိုဖြစ်စေ၊ ဉာဏ်ပညာကိုဖြစ်စေ မသင်ယူချေ။
ကျွန်ုပ်သည် ပင်ပန်းခြင်းကိုဖြစ်စေ၊ ဆင်းရဲခြင်းကိုဖြစ်စေ၊ စိတ်ဓာတ်ကျခြင်းကိုပါ မကြောက်ချေ။,ကျွန်ုပ်သည် ပင်ပန်းခြင်းကိုဖြစ်စေ၊ ဆင်းရဲခြင်းကိုဖြစ်စေ၊ စိတ်ဓာတ်ကျခြင်းကိုဖြစ်စေ မကြောက်ချေ။
ကျွန်တော်သည် အမြင်ကိုဖြစ်စေ၊ အကြားကိုဖြစ်စေ၊ အထိအတွေ့ကိုပါ မခံစားရချေ။,ကျွန်တော်သည် အမြင်ကိုဖြစ်စေ၊ အကြားကိုဖြစ်စေ၊ အထိအတွေ့ကိုဖြစ်စေ မခံစားရချေ။
ထိုပုဂ္ဂိုလ်သည် စာအုပ်ကိုဖြစ်စေ၊ စာရွက်ကိုဖြစ်စေ၊ ကလောင်ကိုပါ မကိုင်ချေ။,ထိုပုဂ္ဂိုလ်သည် စာအုပ်ကိုဖြစ်စေ၊ စာရွက်ကိုဖြစ်စေ၊ ကလောင်ကိုဖြစ်စေ မကိုင်ချေ။
ကျွန်တော်သည် တိုက်ပွဲကိုဖြစ်စေ၊ ငြိမ်းချမ်းရေးကိုဖြစ်စေ၊ စစ်ပွဲကိုပါ မလိုချေ။,ကျွန်တော်သည် တိုက်ပွဲကိုဖြစ်စေ၊ ငြိမ်းချမ်းရေးကိုဖြစ်စေ၊ စစ်ပွဲကိုဖြစ်စေ မလိုချေ။
သူသည် သေခြင်းကိုဖြစ်စေ၊ ရှင်ခြင်းကိုဖြစ်စေ၊ ထာဝရကိုပါ မသိချေ။,သူသည် သေခြင်းကိုဖြစ်စေ၊ ရှင်ခြင်းကိုဖြစ်စေ၊ ထာဝရကိုဖြစ်စေ မသိချေ။
ကျွန်ုပ်သည် လူကိုဖြစ်စေ၊ တိရစ္ဆာန်ကိုဖြစ်စေ၊ အပင်ကိုပါ မကြောက်ချေ။,ကျွန်ုပ်သည် လူကိုဖြစ်စေ၊ တိရစ္ဆာန်ကိုဖြစ်စေ၊ အပင်ကိုဖြစ်စေ မကြောက်ချေ။
သူသည် အနာဂတ်ကိုဖြစ်စေ၊ အတိတ်ကိုဖြစ်စေ၊ ပစ္စုပ္ပန်ကိုပါ မတွေးတောချေ။,သူသည် အနာဂတ်ကိုဖြစ်စေ၊ အတိတ်ကိုဖြစ်စေ၊ ပစ္စုပ္ပန်ကိုဖြစ်စေ မတွေးတောချေ။
ကျွန်တော်သည် စာဖတ်ခြင်းကိုဖြစ်စေ၊ စာရေးခြင်းကိုဖြစ်စေ၊ စကားပြောခြင်းကိုပါ မလုပ်ချေ။,ကျွန်တော်သည် စာဖတ်ခြင်းကိုဖြစ်စေ၊ စာရေးခြင်းကိုဖြစ်စေ၊ စကားပြောခြင်းကိုဖြစ်စေ မလုပ်ချေ။
ထိုအရာသည် အကောင်းကိုဖြစ်စေ၊ အဆိုးကိုဖြစ်စေ၊ အလယ်အလတ်ကိုပါ မသိချေ။,ထိုအရာသည် အကောင်းကိုဖြစ်စေ၊ အဆိုးကိုဖြစ်စေ၊ အလယ်အလတ်ကိုဖြစ်စေ မသိချေ။
ကျွန်တော်သည် ဤဘဝကိုဖြစ်စေ၊ ထိုဘဝကိုဖြစ်စေ၊ နောင်ဘဝကိုပါ မရှိချေ။,ကျွန်တော်သည် ဤဘဝကိုဖြစ်စေ၊ ထိုဘဝကိုဖြစ်စေ၊ နောင်ဘဝကိုဖြစ်စေ မရှိချေ။
ကျွန်ုပ်သည် ချမ်းသာခြင်းကိုဖြစ်စေ၊ ဆင်းရဲခြင်းကိုဖြစ်စေ၊ အာဏာကိုပါ မလိုချင်ချေ။,ကျွန်ုပ်သည် ချမ်းသာခြင်းကိုဖြစ်စေ၊ ဆင်းရဲခြင်းကိုဖြစ်စေ၊ အာဏာကိုဖြစ်စေ မလိုချင်ချေ။
ကျွန်ုပ်သည် ကောင်းခြင်းကိုဖြစ်စေ၊ ဆိုးခြင်းကိုဖြစ်စေ၊ ကြားနေခြင်းကိုပါ မသိချေ။,ကျွန်ုပ်သည် ကောင်းခြင်းကိုဖြစ်စေ၊ ဆိုးခြင်းကိုဖြစ်စေ၊ ကြားနေခြင်းကိုဖြစ်စေ မသိချေ။
သူမသည် ၎င်းကိုဖြစ်စေ၊ ထိုသူကိုဖြစ်စေ၊ ဤအရာကိုပါ မကြည့်ချေ။,သူမသည် ၎င်းကိုဖြစ်စေ၊ ထိုသူကိုဖြစ်စေ၊ ဤအရာကိုဖြစ်စေ မကြည့်ချေ။
ဤသတင်းစာသည် နိုင်ငံရေးကိုဖြစ်စေ၊ အားကစားကိုဖြစ်စေ၊ ဖျော်ဖြေရေးကိုပါ မဖော်ပြချေ။,ဤသတင်းစာသည် နိုင်ငံရေးကိုဖြစ်စေ၊ အားကစားကိုဖြစ်စေ၊ ဖျော်ဖြေရေးကိုဖြစ်စေ မဖော်ပြချေ။
ကျွန်ုပ်သည် သူ၏အသံကိုဖြစ်စေ၊ သူ၏အမူအရာကိုဖြစ်စေ၊ သူ၏အပြောအဆိုကိုပါ မကြားချေ။,ကျွန်ုပ်သည် သူ၏အသံကိုဖြစ်စေ၊ သူ၏အမူအရာကိုဖြစ်စေ၊ သူ၏အပြောအဆိုကိုဖြစ်စေ မကြားချေ။
ကျွန်ုပ်သည် ပညာကိုဖြစ်စေ၊ အနုပညာကိုဖြစ်စေ၊ အသိပညာကိုပါ မသင်ယူချေ။,ကျွန်ုပ်သည် ပညာကိုဖြစ်စေ၊ အနုပညာကိုဖြစ်စေ၊ အသိပညာကိုဖြစ်စေ မသင်ယူချေ။
သူသည် ဖခင်ကိုဖြစ်စေ၊ မိခင်ကိုဖြစ်စေ၊ ဆရာကိုပါ ဂါရဝပြုသည်။,သူသည် ဖခင်ကိုဖြစ်စေ၊ မိခင်ကိုဖြစ်စေ၊ ဆရာကိုဖြစ်စေ ဂါရဝပြုသည်။
သူသည် အစာကိုဖြစ်စေ၊ ရေကိုဖြစ်စေ၊ အဝတ်အစားကိုပါ မလိုချေ။,သူသည် အစာကိုဖြစ်စေ၊ ရေကိုဖြစ်စေ၊ အဝတ်အစားကိုဖြစ်စေ မလိုချေ။
ထိုပညာသည် လောကကိုဖြစ်စေ၊ သတ္တဝါကိုဖြစ်စေ၊ ကောင်းကင်ဘုံကိုပါ မသိချေ။,ထိုပညာသည် လောကကိုဖြစ်စေ၊ သတ္တဝါကိုဖြစ်စေ၊ ကောင်းကင်ဘုံကိုဖြစ်စေ မသိချေ။
ကျွန်တော်သည် မနက်ဖြန်ကိုဖြစ်စေ၊ သန်ဘက်ခါကိုဖြစ်စေ၊ နောင်နှစ်ကိုပါ မတွေးတောချေ။,ကျွန်တော်သည် မနက်ဖြန်ကိုဖြစ်စေ၊ သန်ဘက်ခါကိုဖြစ်စေ၊ နောင်နှစ်ကိုဖြစ်စေ မတွေးတောချေ။
ထိုအိမ်တွင် မည်သူမရှိပါ။,ထိုအိမ်တွင် မည်သူမျှမရှိပါ။
ငါဘာမသိပါ။,ငါဘာမျှမသိပါ။
ဤစာအုပ်မှာ မည်သည့်ပုံမပါပါ။,ဤစာအုပ်မှာ မည်သည့်ပုံမျှမပါပါ။
ကျွန်တော် ဘယ်ကိုမသွားချေ။,ကျွန်တော် ဘယ်ကိုမျှမသွားချေ။
သူတို့ မည်သည့်အရာကိုမှ မဝယ်ခဲ့ပါ။,သူတို့ မည်သည့်အရာကိုမျှ မဝယ်ခဲ့ပါ။
ဤနေ့ ဘာမစားရသေးပါ။,ဤနေ့ ဘာမျှမစားရသေးပါ။
အစည်းအဝေးတွင် မည်သည့်ပြဿနာမရှိပါ။,အစည်းအဝေးတွင် မည်သည့်ပြဿနာမျှမရှိပါ။
သူသည် မည်သည့်စာအုပ်ကိုမှ မဖတ်ချေ။,သူသည် မည်သည့်စာအုပ်ကိုမျှ မဖတ်ချေ။
ကလေးများ မည်သည့်ဆူညံသံမပြုလုပ်ပါ။,ကလေးများ မည်သည့်ဆူညံသံမျှမပြုလုပ်ပါ။
ကျွန်ုပ်တို့ ဘယ်သူမတွေ့ခဲ့ပါ။,ကျွန်ုပ်တို့ ဘယ်သူမျှမတွေ့ခဲ့ပါ။
ထိုမြို့၌ ဘယ်သူမပျော်ရွှင်ပါ။,ထိုမြို့၌ ဘယ်သူမျှမပျော်ရွှင်ပါ။
ဤပြတိုက်မှာ မည်သည့်ပစ္စည်းမရှိပါ။,ဤပြတိုက်မှာ မည်သည့်ပစ္စည်းမျှမရှိပါ။
ညစာတွင် ဘာမပါဝင်ပါ။,ညစာတွင် ဘာမျှမပါဝင်ပါ။
အဲဤအခန်းထဲမှာ ဘယ်သူမနေပါ။,အဲဤအခန်းထဲမှာ ဘယ်သူမျှမနေပါ။
သူသည် ဘယ်နေရာကိုမှ မရောက်သေးပါ။,သူသည် ဘယ်နေရာကိုမျှ မရောက်သေးပါ။
စာသင်ခန်းထဲတွင် ဘာမလှုပ်ရှားပါ။,စာသင်ခန်းထဲတွင် ဘာမျှမလှုပ်ရှားပါ။
ကလေး၏အိတ်ထဲတွင် မည်သည့်သကြားလုံးမရှိပါ။,ကလေး၏အိတ်ထဲတွင် မည်သည့်သကြားလုံးမျှမရှိပါ။
ကျွန်တော် ဤအကြောင်းကို ဘာမသိပါ။,ကျွန်တော် ဤအကြောင်းကို ဘာမျှမသိပါ။
မည်သည့်ကျောင်းသားမှ စာမေးပွဲကို မအောင်မြင်ပါ။,မည်သည့်ကျောင်းသားမျှ စာမေးပွဲကို မအောင်မြင်ပါ။
ဤကိစ္စကို ဘယ်သူမှ မယုံကြည်ချေ။,ဤကိစ္စကို ဘယ်သူမျှ မယုံကြည်ချေ။
ကျွန်တော်တို့သည် မည်သည့်အရာကိုမှ မကြောက်ပါ။,ကျွန်တော်တို့သည် မည်သည့်အရာကိုမျှ မကြောက်ပါ။
သူသည် မည်သည့်အကူအညီမလိုချေ။,သူသည် မည်သည့်အကူအညီမျှမလိုချေ။
မီးဖိုချောင်တွင် ဘာမကျန်ပါ။,မီးဖိုချောင်တွင် ဘာမျှမကျန်ပါ။
ကျွန်တော် သူ့ကို ဘယ်တော့မှမတွေ့ချေ။,ကျွန်တော် သူ့ကို ဘယ်တော့မျှမတွေ့ချေ။
ဤအစီရင်ခံစာမှာ မည်သည့်အမှားမရှိပါ။,ဤအစီရင်ခံစာမှာ မည်သည့်အမှားမျှမရှိပါ။
သူသည် မည်သည့်အရာမလုပ်ပါ။,သူသည် မည်သည့်အရာမျှမလုပ်ပါ။
ထိုရေကန်တွင် မည်သည့်ငါးမရှိပါ။,ထိုရေကန်တွင် မည်သည့်ငါးမျှမရှိပါ။
ဤစာချုပ်မှာ ဘာမပါဝင်ပါ။,ဤစာချုပ်မှာ ဘာမျှမပါဝင်ပါ။
မည်သည့်သတင်းစကားမရရှိပါ။,မည်သည့်သတင်းစကားမျှမရရှိပါ။
ဤအခန်းထဲမှာ မည်သည့်အလင်းမရှိပါ။,ဤအခန်းထဲမှာ မည်သည့်အလင်းမျှမရှိပါ။
ဘယ်နေရာမလုံခြုံပါ။,ဘယ်နေရာမျှ မလုံခြုံပါ။
ထိုဖြစ်ရပ်ကို ဘယ်သူမသိပါ။,ထိုဖြစ်ရပ်ကို ဘယ်သူမျှမသိပါ။
ကျွန်တော် မည်သည့်ပိုက်ဆံမရှိပါ။,ကျွန်တော် မည်သည့်ပိုက်ဆံမျှမရှိပါ။
သူသည် မည်သည့်ပြဿနာမဖန်တီးပါ။,သူသည် မည်သည့်ပြဿနာမျှမဖန်တီးပါ။
မီးထဲမှာ ဘာမကျန်တော့ပါ။,မီးထဲမှာ ဘာမျှမကျန်တော့ပါ။
ကျွန်တော် သူ့အကြောင်းကို ဘာမကြားရပါ။,ကျွန်တော် သူ့အကြောင်းကို ဘာမျှမကြားရပါ။
ဤအရာသည် မည်သည့်အကျိုးကျေးဇူးမရှိပါ။,ဤအရာသည် မည်သည့်အကျိုးကျေးဇူးမျှမရှိပါ။
မည်သူမှ ဤစာကို မရေးပါ။,မည်သူမျှ ဤစာကို မရေးပါ။
ကျွန်တော် မည်သည့်အိပ်မက်မမက်ပါ။,ကျွန်တော် မည်သည့်အိပ်မက်မျှမမက်ပါ။
ဘယ်အရာမပြောင်းလဲပါ။,ဘယ်အရာမျှ မပြောင်းလဲပါ။
ထိုပန်းချီကားကို ဘယ်သူမကြိုက်ပါ။,ထိုပန်းချီကားကို ဘယ်သူမျှမကြိုက်ပါ။
စာအုပ်စင်ပေါ်မှာ မည်သည့်စာအုပ်မရှိပါ။,စာအုပ်စင်ပေါ်မှာ မည်သည့်စာအုပ်မျှမရှိပါ။
ဤသီချင်းမှာ မည်သည့်အဓိပ္ပါယ်မရှိပါ။,ဤသီချင်းမှာ မည်သည့်အဓိပ္ပါယ်မျှမရှိပါ။
ကျွန်တော်တို့သည် ဘာမလိုချေ။,ကျွန်တော်တို့သည် ဘာမျှမလိုချေ။
ထိုမြင်းသည် ဘယ်နေရာမှ မသွားနိုင်ပါ။,ထိုမြင်းသည် ဘယ်နေရာမျှ မသွားနိုင်ပါ။
ကျွန်တော် မည်သည့်သတင်းမကြားရပါ။,ကျွန်တော် မည်သည့်သတင်းမျှမကြားရပါ။
ဤအခြေအနေကို ဘယ်သူမကြိုက်ပါ။,ဤအခြေအနေကို ဘယ်သူမျှ မကြိုက်ပါ။
မည်သည့်ကားမှ မဖြတ်မောင်းပါ။,မည်သည့်ကားမျှ မဖြတ်မောင်းပါ။
ကျွန်တော် မည်သည့်အကူအညီမပေးနိုင်ပါ။,ကျွန်တော် မည်သည့်အကူအညီမျှမပေးနိုင်ပါ။
ထိုပန်းခြံတွင် ဘာမရှိပါ။,ထိုပန်းခြံတွင် ဘာမျှမရှိပါ။
မနက်ဖြန်မိုးရွာမည်ဆို ငါအပြင်မထွက်ပါ။,မနက်ဖြန်မိုးရွာမည်ဆိုလျှင် ငါအပြင်မထွက်ပါ။
သူလာမည်ဆို ငါပျော်ရွှင်မည်။,သူလာမည်ဆိုလျှင် ငါပျော်ရွှင်မည်။
ဤစာအုပ်ကိုဖတ်မည်ဆို ဗဟုသုတရမည်။,ဤစာအုပ်ကိုဖတ်မည်ဆိုလျှင် ဗဟုသုတရမည်။
ဤနည်းလမ်းကိုသုံးမည်ဆို အလုပ်ပိုလွယ်မည်။,ဤနည်းလမ်းကိုသုံးမည်ဆိုလျှင် အလုပ်ပိုလွယ်မည်။
အချိန်မီမရောက်ပါကလျှင် လက်မှတ်မရ။,အချိန်မီမရောက်ပါက လက်မှတ်မရ။
စျေးကွက်ကောင်းမည်ဆို ရောင်းအားတက်မည်။,စျေးကွက်ကောင်းမည်ဆိုလျှင် ရောင်းအားတက်မည်။
မင်းဆီရောက်မည်ဆို ငါဖုန်းဆက်မည်။,မင်းဆီရောက်မည်ဆိုလျှင် ငါဖုန်းဆက်မည်။
ဤစက်ကိုသုံးမည်ဆို အချိန်ကုန်သက်သာမည်။,ဤစက်ကိုသုံးမည်ဆိုလျှင် အချိန်ကုန်သက်သာမည်။
ဤအိမ်ကိုလိုချင်သည်ဆို ငါတို့ရောင်းမည်။,ဤအိမ်ကိုလိုချင်သည်ဆိုလျှင် ငါတို့ရောင်းမည်။
ဤပြဿနာဖြေရှင်းမည်ဆို ငါတို့ပိုကောင်းမည်။,ဤပြဿနာဖြေရှင်းမည်ဆိုလျှင် ငါတို့ပိုကောင်းမည်။
သူတို့မကူညီပါက ဤအလုပ်ပြီးမည်မဟုတ်။,သူတို့မကူညီပါကလျှင် ဤအလုပ်ပြီးမည်မဟုတ်။
ဤစာချုပ်ကိုလက်မှတ်ထိုးမည်ဆို အလုပ်စမည်။,ဤစာချုပ်ကိုလက်မှတ်ထိုးမည်ဆိုလျှင် အလုပ်စမည်။
ရာသီဥတုသာယာမည်ဆို ငါတို့ခရီးသွားမည်။,ရာသီဥတုသာယာမည်ဆိုလျှင် ငါတို့ခရီးသွားမည်။
လေ့ကျင့်ခန်းပုံမှန်လုပ်ပါက ကျန်းမာရေးကောင်းမည်။,လေ့ကျင့်ခန်းပုံမှန်လုပ်ပါကလျှင် ကျန်းမာရေးကောင်းမည်။
ဤပစ္စည်းပျက်စီးမည်ဆို အသစ်ဝယ်ရမည်။,ဤပစ္စည်းပျက်စီးမည်ဆိုလျှင် အသစ်ဝယ်ရမည်။
မင်းနောက်ကျမည်ဆို ငါတစ်ယောက်တည်းသွားမည်။,မင်းနောက်ကျမည်ဆိုလျှင် ငါတစ်ယောက်တည်းသွားမည်။
စာအုပ်ကိုလိုအပ်သည်ဆို ငါငှားပေးမည်။,စာအုပ်ကိုလိုအပ်သည်ဆိုလျှင် ငါငှားပေးမည်။
ထမင်းချက်မည်ဆို ငါကူညီမည်။,ထမင်းချက်မည်ဆိုလျှင် ငါကူညီမည်။
သင်ကြားပို့ချသူများရမည်ဆို သင်တန်းဖွင့်မည်။,သင်ကြားပို့ချသူများရမည်ဆိုလျှင် သင်တန်းဖွင့်မည်။
ဤအစီအစဉ်ကိုလက်ခံမည်ဆို အစည်းအဝေးပိတ်သိမ်းမည်။,ဤအစီအစဉ်ကိုလက်ခံမည်ဆိုလျှင် အစည်းအဝေးပိတ်သိမ်းမည်။
ပိုက်ဆံလိုသည်ဆို ငါ့ကိုပြောပါ။,ပိုက်ဆံလိုသည်ဆိုလျှင် ငါ့ကိုပြောပါ။
ဤအဖြေမှန်သည်ဆို အမှတ်ပေးမည်။,ဤအဖြေမှန်သည်ဆိုလျှင် အမှတ်ပေးမည်။
နေရောင်ခြည်ကောင်းမည်ဆို အဝတ်လှမ်းမည်။,နေရောင်ခြည်ကောင်းမည်ဆိုလျှင် အဝတ်လှမ်းမည်။
ဤကိစ္စကိုရှင်းပြနိုင်သည်ဆို ငါနားလည်မည်။,ဤကိစ္စကိုရှင်းပြနိုင်သည်ဆိုလျှင် ငါနားလည်မည်။
သူရောက်မည်ဆို ငါထွက်သွားမည်။,သူရောက်မည်ဆိုလျှင် ငါထွက်သွားမည်။
ဤဆော့ဖ်ဝဲကိုသုံးမည်ဆို အလုပ်ပိုမြန်မည်။,ဤဆော့ဖ်ဝဲကိုသုံးမည်ဆိုလျှင် အလုပ်ပိုမြန်မည်။
အဆင်မပြေပါကလျှင် ဖျက်သိမ်းလိုက်ပါ။,အဆင်မပြေပါက ဖျက်သိမ်းလိုက်ပါ။
ဤသီချင်းကိုနားထောင်မည်ဆို စိတ်အေးချမ်းမည်။,ဤသီချင်းကိုနားထောင်လျှင် စိတ်အေးချမ်းမည်။
စာမေးပွဲမဖြေနိုင်ပါကလျှင် နောက်နှစ်ပြန်ဖြေရမည်။,စာမေးပွဲမဖြေနိုင်ပါက နောက်နှစ်ပြန်ဖြေရမည်။
မင်းမှာအားလပ်ချိန်ရှိမည်ဆို ငါတိုနှင့်အတူလိုက်ခဲ့ပါ။,မင်းမှာအားလပ်ချိန်ရှိမည်ဆိုလျှင် ငါတိုနှင့်အတူလိုက်ခဲ့ပါ။
ကားမောင်းတတ်မည်ဆို အဆင်ပြေမည်။,ကားမောင်းတတ်မည်ဆိုလျှင် အဆင်ပြေမည်။
ဤအမှားကိုပြင်မည်ဆို အလုပ်ကောင်းမည်။,ဤအမှားကိုပြင်မည်ဆိုလျှင် အလုပ်ကောင်းမည်။
ပရောဂျက်အောင်မြင်မည်ဆို ဆုချီးမြှင့်မည်။,ပရောဂျက်အောင်မြင်မည်ဆိုလျှင် ဆုချီးမြှင့်မည်။
မင်းမလိုချင်ပါက သူတိုကိုပေးလိုက်ပါ။,မင်းမလိုချင်ပါကလျှင် သူတိုကိုပေးလိုက်ပါ။
အလုပ်ပြီးမည်ဆို ငါအနားယူမည်။,အလုပ်ပြီးမည်ဆိုလျှင် ငါအနားယူမည်။
ကူညီရန်အဆင်သင့်ဖြစ်ပါက ပြောပါ။,ကူညီရန်အဆင်သင့်ဖြစ်ပါကလျှင် ပြောပါ။
ကော်ဖီသောက်ချင်သည်ဆို မှာလိုက်ပါ။,ကော်ဖီသောက်ချင်သည်ဆိုလျှင် မှာလိုက်ပါ။
ငါ့ကိုယုံကြည်သည်ဆို ဆက်လုပ်ပါ။,ငါ့ကိုယုံကြည်သည်ဆိုလျှင် ဆက်လုပ်ပါ။
သူစကားပြောမည်ဆို ငါနားထောင်မည်။,သူစကားပြောမည်ဆိုလျှင် ငါနားထောင်မည်။
ဤဆိပ်ကမ်းဖွင့်သည်ဆို သင်္ဘောတွေဝင်မည်။,ဤဆိပ်ကမ်းဖွင့်သည်ဆိုလျှင် သင်္ဘောတွေဝင်မည်။
ဆိုင်ဖွင့်မည်ဆို ငါတို့ကိုခေါ်ပါ။,ဆိုင်ဖွင့်မည်ဆိုလျှင် ငါတို့ကိုခေါ်ပါ။
စည်းကမ်းလိုက်နာပါကလျှင် ပြဿနာမရှိ။,စည်းကမ်းလိုက်နာပါက ပြဿနာမရှိ။
ပညာတတ်မည်ဆို အနာဂတ်ကောင်းမည်။,ပညာတတ်လျှင် အနာဂတ်ကောင်းမည်။
သူတို့မလာပါကလျှင် အစီအစဉ်ရွှေ့ဆိုင်းမည်။,သူတို့မလာပါက အစီအစဉ်ရွှေ့ဆိုင်းမည်။
သဘောတူညီသည်ဆို လက်မှတ်ထိုးပါ။,သဘောတူညီသည်ဆိုလျှင် လက်မှတ်ထိုးပါ။
ဆေးသောက်မည်ဆို အစာစားပါ။,ဆေးသောက်မည်ဆိုလျှင် အစာစားပါ။
အချိန်ရှိမည်ဆို ငါပြန်လာမည်။,အချိန်ရှိမည်ဆိုလျှင် ငါပြန်လာမည်။
သူတောင်းပန်သည်ဆို ခွင့်လွှတ်ပေးလိုက်ပါ။,သူတောင်းပန်သည်ဆိုလျှင် ခွင့်လွှတ်ပေးလိုက်ပါ။
ထိုကျောင်းသားများသည် ပညာရေးအတွက် ကြိုးစားကြသည်။,ထိုကျောင်းသားများသည် ပညာရရှိရေးအတွက် ကြိုးစားကြသည်။
ကုမ္ပဏီသည် အောင်မြင်ရေးအတွက် ရင်းနှီးမြှုပ်နှံသည်။,ကုမ္ပဏီသည် အောင်မြင်မှုရရှိရေးအတွက် ရင်းနှီးမြှုပ်နှံသည်။
ကျွန်ုပ်တို့သည် ငြိမ်းချမ်းရေးအတွက် ဆွေးနွေးကြသည်။,ကျွန်ုပ်တို့သည် ငြိမ်းချမ်းရရှိရေးအတွက် ဆွေးနွေးကြသည်။
ထိုနိုင်ငံရေးသမားသည် နိုင်ငံတော်ဖွံ့ဖြိုးတိုးတက်ရေးအတွက် လုပ်ဆောင်သည်။,ထိုနိုင်ငံရေးသမားသည် နိုင်ငံတော်ဖွံ့ဖြိုးတိုးတက်ရရှိရေးအတွက် လုပ်ဆောင်သည်။
အဆိုပါပရောဂျက်သည် လူမှုဘဝတိုးတက်ရေးအတွက် ဖြစ်သည်။,အဆိုပါပရောဂျက်သည် လူမှုဘဝတိုးတက်မှုရရှိရေးအတွက် ဖြစ်သည်။
ကျွန်ုပ်တို့သည် နိုင်ငံတည်ငြိမ်ရေးအတွက် စည်းလုံးကြသည်။,ကျွန်ုပ်တို့သည် နိုင်ငံတည်ငြိမ်မှုရရှိရေးအတွက် စည်းလုံးကြသည်။
အသင်းသည် ဆုရေးအတွက် လေ့ကျင့်သည်။,အသင်းသည် ဆုရရှိရေးအတွက် လေ့ကျင့်သည်။
ဤမိုဘိုင်းဖုန်းကုမ္ပဏီသည် စျေးကွက်နေရာရေးအတွက် ကြိုးပမ်းသည်။,ဤမိုဘိုင်းဖုန်းကုမ္ပဏီသည် စျေးကွက်နေရာရရှိရေးအတွက် ကြိုးပမ်းသည်။
ထိုအဖွဲ့အစည်းသည် လူ့အခွင့်အရေးအတွက် လုပ်ဆောင်သည်။,ထိုအဖွဲ့အစည်းသည် လူ့အခွင့်အရေးရရှိရေးအတွက် လုပ်ဆောင်သည်။
အစိုးရသည် အလုပ်အကိုင်ရေးအတွက် စီမံကိန်းများ လုပ်သည်။,အစိုးရသည် အလုပ်အကိုင်ရရှိရေးအတွက် စီမံကိန်းများ လုပ်သည်။
စစ်သည်တော်များသည် ဂုဏ်သိက္ခာရေးအတွက် တိုက်ပွဲဝင်သည်။,စစ်သည်တော်များသည် ဂုဏ်သိက္ခာရရှိရေးအတွက် တိုက်ပွဲဝင်သည်။
ထိုကျေးရွာသည် ရေရေးအတွက် ရေတွင်းတူးသည်။,ထိုကျေးရွာသည် ရေရရှိရေးအတွက် ရေတွင်းတူးသည်။
အစိုးရသည် စားနပ်ရိက္ခာရေးအတွက် အစီအစဉ်များ ချမှတ်သည်။,အစိုးရသည် စားနပ်ရိက္ခာရရှိရေးအတွက် အစီအစဉ်များ ချမှတ်သည်။
သမိုင်းပညာရှင်များသည် အချက်အလက်ရေးအတွက် သုတေသနလုပ်သည်။,သမိုင်းပညာရှင်များသည် အချက်အလက်ရရှိရေးအတွက် သုတေသနလုပ်သည်။
ထိုနိုင်ငံသည် လျှပ်စစ်ဓာတ်အားရေးအတွက် ရေကာတာဆောက်သည်။,ထိုနိုင်ငံသည် လျှပ်စစ်ဓာတ်အားရရှိရေးအတွက် ရေကာတာဆောက်သည်။
ကျွန်ုပ်တို့သည် အခွင့်အရေးအတွက် တောင်းဆိုကြသည်။,ကျွန်ုပ်တို့သည် အခွင့်အရေးရရှိရေးအတွက် တောင်းဆိုကြသည်။
ကျောင်းသားများသည် စာအုပ်စာတမ်းရေးအတွက် စာကြည့်တိုက်သို့ သွားသည်။,ကျောင်းသားများသည် စာအုပ်စာတမ်းရရှိရေးအတွက် စာကြည့်တိုက်သို့ သွားသည်။
အိမ်ရှင်မသည် အစားအသောက်ရေးအတွက် ဈေးသွားသည်။,အိမ်ရှင်မသည် အစားအသောက်ရရှိရေးအတွက် ဈေးသွားသည်။
ရင်းနှီးမြှုပ်နှံသူများသည် အကျိုးအမြတ်ရေးအတွက် ရှယ်ယာဝယ်သည်။,ရင်းနှီးမြှုပ်နှံသူများသည် အကျိုးအမြတ်ရရှိရေးအတွက် ရှယ်ယာဝယ်သည်။
သူတို့သည် ခေါင်းဆောင်မှုရေးအတွက် ယှဉ်ပြိုင်ကြသည်။,သူတို့သည် ခေါင်းဆောင်မှုရရှိရေးအတွက် ယှဉ်ပြိုင်ကြသည်။
ဤအဖွဲ့အစည်းသည် ရန်ပုံငွေရေးအတွက် ပွဲများကျင်းပသည်။,ဤအဖွဲ့အစည်းသည် ရန်ပုံငွေရရှိရေးအတွက် ပွဲများကျင်းပသည်။
သူတို့သည် အသိအမှတ်ပြုခံရရရှိရေးအတွက် လုပ်ဆောင်သည်။,သူတို့သည် အသိအမှတ်ပြုခံရရေးအတွက် လုပ်ဆောင်သည်။
ထိုလူများသည် နေထိုင်ခွင့်ရရှိရေးအတွက် စောင့်ဆိုင်းနေကြသည်။,ထိုလူများသည် နေထိုင်ခွင့်ရရှိရေးအတွက် စောင့်ဆိုင်းနေကြသည်။
မောင်သီဟသည် ဖျား၍တစ်ကြောင်း၊ ကျောင်းပြေးချင်သောကြောင့် ကျောင်းမတက်ဘူး။,မောင်သီဟသည် ဖျား၍တစ်ကြောင်း၊ ကျောင်းပြေးချင်သောကြောင့် တစ်ကြောင်း ကျောင်းမတက်ဘူး။
အင်တာနက်လိုင်းမကောင်း၍တစ်ကြောင်း၊ ကွန်ပျူတာမရှိသောကြောင့် အွန်လိုင်းသင်တန်းမတက်နိုင်ဘူး။,အင်တာနက်လိုင်းမကောင်း၍တစ်ကြောင်း၊ ကွန်ပျူတာမရှိသောကြောင့် တစ်ကြောင်း အွန်လိုင်းသင်တန်းမတက်နိုင်ဘူး။
ရုပ်ရှင်က စိတ်ဝင်စားစရာကောင်း၍တစ်ကြောင်း၊ သရုပ်ဆောင်တွေကတော်သောကြောင့် လူကြိုက်များခဲ့သည်။,ရုပ်ရှင်က စိတ်ဝင်စားစရာကောင်း၍တစ်ကြောင်း၊ သရုပ်ဆောင်တွေကတော်သောကြောင့် တစ်ကြောင်း လူကြိုက်များခဲ့သည်။
မိုးချုပ်နေ၍တစ်ကြောင်း၊ ခရီးကဝေးသောကြောင့် ဤညတော့ မပြန်တော့ဘူး။,မိုးချုပ်နေ၍တစ်ကြောင်း၊ ခရီးကဝေးသောကြောင့် တစ်ကြောင်း ဤညတော့ မပြန်တော့ဘူး။
စာအုပ်ရှားပါး၍တစ်ကြောင်း၊ ဈေးကြီးသောကြောင့် ဝယ်ဖို့မလွယ်ဘူး။,စာအုပ်ရှားပါး၍တစ်ကြောင်း၊ ဈေးကြီးသောကြောင့် တစ်ကြောင်း ဝယ်ဖို့မလွယ်ဘူး။
ငွေကုန်ကြေးကျများ၍တစ်ကြောင်း၊ အချိန်ကြာသောကြောင့် ရုပ်ရှင်ရုံမသွားတော့ဘူး။,ငွေကုန်ကြေးကျများ၍တစ်ကြောင်း၊ အချိန်ကြာသောကြောင့် တစ်ကြောင်း ရုပ်ရှင်ရုံမသွားတော့ဘူး။
နေမကောင်း၍တစ်ကြောင်း၊ အဖျားတက်သောကြောင့် ဆေးရုံတက်ခဲ့ရသည်။,နေမကောင်း၍တစ်ကြောင်း၊ အဖျားတက်သောကြောင့် တစ်ကြောင်း ဆေးရုံတက်ခဲ့ရသည်။
ကားလမ်းတွေပိတ်၍တစ်ကြောင်း၊ လမ်းတွေကျဉ်းသောကြောင့် အလုပ်နောက်ကျခဲ့သည်။,ကားလမ်းတွေပိတ်၍တစ်ကြောင်း၊ လမ်းတွေကျဉ်းသောကြောင့် တစ်ကြောင်း အလုပ်နောက်ကျခဲ့သည်။
သူငယ်ချင်းတွေမရှိ၍တစ်ကြောင်း၊ တစ်ယောက်တည်းဖြစ်သောကြောင့် အထီးကျန်နေသည်။,သူငယ်ချင်းတွေမရှိ၍တစ်ကြောင်း၊ တစ်ယောက်တည်းဖြစ်သောကြောင့် တစ်ကြောင်း အထီးကျန်နေသည်။
စည်းကမ်းမလိုက်နာ၍တစ်ကြောင်း၊ ပြဿနာရှာသောကြောင့် အလုပ်ထုတ်ခံရသည်။,စည်းကမ်းမလိုက်နာ၍တစ်ကြောင်း၊ ပြဿနာရှာသောကြောင့် တစ်ကြောင်း အလုပ်ထုတ်ခံရသည်။
ညဉ့်နက်၍တစ်ကြောင်း၊ လမ်းမီးမရှိသောကြောင့် သွားလာရခက်ခဲသည်။,ညဉ့်နက်၍တစ်ကြောင်း၊ လမ်းမီးမရှိသောကြောင့် တစ်ကြောင်း သွားလာရခက်ခဲသည်။
လျှပ်စစ်မီးမလာ၍တစ်ကြောင်း၊ ရေမလာသောကြောင့် ဟင်းချက်ဖို့အဆင်မပြေဘူး။,လျှပ်စစ်မီးမလာ၍တစ်ကြောင်း၊ ရေမလာသောကြောင့် တစ်ကြောင်း ဟင်းချက်ဖို့အဆင်မပြေဘူး။
အလုပ်များ၍တစ်ကြောင်း၊ အိမ်ကိစ္စများသောကြောင့် အစည်းအဝေးမတက်နိုင်ခဲ့ဘူး။,အလုပ်များ၍တစ်ကြောင်း၊ အိမ်ကိစ္စများသောကြောင့် တစ်ကြောင်း အစည်းအဝေးမတက်နိုင်ခဲ့ဘူး။
ကျန်းမာရေးမကောင်း၍တစ်ကြောင်း၊ အားအင်ကုန်ခမ်းသောကြောင့် လေ့ကျင့်ခန်းမလုပ်နိုင်ဘူး။,ကျန်းမာရေးမကောင်း၍တစ်ကြောင်း၊ အားအင်ကုန်ခမ်းသောကြောင့် တစ်ကြောင်း လေ့ကျင့်ခန်းမလုပ်နိုင်ဘူး။
စာမေးပွဲနီး၍တစ်ကြောင်း၊ စာတွေမရသေးသောကြောင့် သူငယ်ချင်းတွေနဲ့မဆော့ဖြစ်ဘူး။,စာမေးပွဲနီး၍တစ်ကြောင်း၊ စာတွေမရသေးသောကြောင့် တစ်ကြောင်း သူငယ်ချင်းတွေနဲ့မဆော့ဖြစ်ဘူး။
စာအုပ်ကောင်း၍တစ်ကြောင်း၊ ဇာတ်လမ်းကလည်းကောင်းသောကြောင့် တစ်ညတည်းနဲ့ကုန်အောင်ဖတ်လိုက်သည်။,စာအုပ်ကောင်း၍တစ်ကြောင်း၊ ဇာတ်လမ်းကလည်းကောင်းသောကြောင့် တစ်ကြောင်း တစ်ညတည်းနဲ့ကုန်အောင်ဖတ်လိုက်သည်။
သူစိမ်းဆို၍တစ်ကြောင်း၊ စကားနည်းသောကြောင့် စကားမပြောဖြစ်ဘူး။,သူစိမ်းဆို၍တစ်ကြောင်း၊ စကားနည်းသောကြောင့် တစ်ကြောင်း စကားမပြောဖြစ်ဘူး။
ပညာရပ်သင်ကြားရခက်၍တစ်ကြောင်း၊ စိတ်ဝင်စားမှုမရှိသောကြောင့် ပညာမသင်ဖြစ်တော့ဘူး။,ပညာရပ်သင်ကြားရခက်၍တစ်ကြောင်း၊ စိတ်ဝင်စားမှုမရှိသောကြောင့် တစ်ကြောင်း ပညာမသင်ဖြစ်တော့ဘူး။
အိမ်နှင့်ဝေး၍တစ်ကြောင်း၊ သွားလာရခက်ခဲသောကြောင့် ထိုအလုပ်ကိုမလုပ်ဘူး။,အိမ်နှင့်ဝေး၍တစ်ကြောင်း၊ သွားလာရခက်ခဲသောကြောင့် တစ်ကြောင်း ထိုအလုပ်ကိုမလုပ်ဘူး။
စိတ်ညစ်ညူး၍တစ်ကြောင်း၊ ပင်ပန်းနွမ်းနယ်နေသောကြောင့် အပြင်မထွက်ချင်ဘူး။,စိတ်ညစ်ညူး၍တစ်ကြောင်း၊ ပင်ပန်းနွမ်းနယ်နေသောကြောင့် တစ်ကြောင်း အပြင်မထွက်ချင်ဘူး။
ရာသီဥတုအေး၍တစ်ကြောင်း၊ မိုးရွာနေသောကြောင့် အိမ်ထဲမှာပဲနေခဲ့သည်။,ရာသီဥတုအေး၍တစ်ကြောင်း၊ မိုးရွာနေသောကြောင့် တစ်ကြောင်း အိမ်ထဲမှာပဲနေခဲ့သည်။
စာကျက်ချိန်နည်း၍တစ်ကြောင်း၊ နားလည်ရခက်သောကြောင့် စာမေးပွဲကျခဲ့သည်။,စာကျက်ချိန်နည်း၍တစ်ကြောင်း၊ နားလည်ရခက်သောကြောင့် တစ်ကြောင်း စာမေးပွဲကျခဲ့သည်။
ငွေကြေးလိုအပ်၍တစ်ကြောင်း၊ အလုပ်အကိုင်လိုအပ်သောကြောင့် မြို့ကိုပြောင်းခဲ့သည်။,ငွေကြေးလိုအပ်၍တစ်ကြောင်း၊ အလုပ်အကိုင်လိုအပ်သောကြောင့် တစ်ကြောင်း မြို့ကိုပြောင်းခဲ့သည်။
ဆရာဆူ၍တစ်ကြောင်း၊ အပေါင်းအသင်းတွေကလည်း စသောကြောင့် ကျောင်းထွက်ချင်သည်။,ဆရာဆူ၍တစ်ကြောင်း၊ အပေါင်းအသင်းတွေကလည်း စသောကြောင့် တစ်ကြောင်း ကျောင်းထွက်ချင်သည်။
အစားအသောက်မကောင်း၍တစ်ကြောင်း၊ ဈေးကြီးသောကြောင့် ထိုဆိုင်မှာမစားဘူး။,အစားအသောက်မကောင်း၍တစ်ကြောင်း၊ ဈေးကြီးသောကြောင့် တစ်ကြောင်း ထိုဆိုင်မှာမစားဘူး။
စီးပွားရေးအခြေအနေမကောင်း၍တစ်ကြောင်း၊ အလုပ်အကိုင်ရှားပါးသောကြောင့် အလုပ်လက်မဲ့ဖြစ်နေသည်။,စီးပွားရေးအခြေအနေမကောင်း၍တစ်ကြောင်း၊ အလုပ်အကိုင်ရှားပါးသောကြောင့် တစ်ကြောင်း အလုပ်လက်မဲ့ဖြစ်နေသည်။
ကွန်ပျူတာမကောင်း၍တစ်ကြောင်း၊ အင်တာနက်မရှိသောကြောင့် အွန်လိုင်းအလုပ်မလုပ်နိုင်ဘူး။,ကွန်ပျူတာမကောင်း၍တစ်ကြောင်း၊ အင်တာနက်မရှိသောကြောင့် တစ်ကြောင်း အွန်လိုင်းအလုပ်မလုပ်နိုင်ဘူး။
အလေ့အကျင့်မရှိ၍တစ်ကြောင်း၊ စိတ်ရှည်မှုမရှိသောကြောင့် မအောင်မြင်ခဲ့ဘူး။,အလေ့အကျင့်မရှိ၍တစ်ကြောင်း၊ စိတ်ရှည်မှုမရှိသောကြောင့် တစ်ကြောင်း မအောင်မြင်ခဲ့ဘူး။
လူနာများ၍တစ်ကြောင်း၊ ဝန်ထမ်းတွေမလုံလောက်သောကြောင့် ဆေးရုံမှာ စောင့်ရကြာသည်။,လူနာများ၍တစ်ကြောင်း၊ ဝန်ထမ်းတွေမလုံလောက်သောကြောင့် တစ်ကြောင်း ဆေးရုံမှာ စောင့်ရကြာသည်။
အလုပ်ကိစ္စများ၍တစ်ကြောင်း၊ အိမ်မှုကိစ္စများသောကြောင့် နားချိန်မရှိဘူး။,အလုပ်ကိစ္စများ၍တစ်ကြောင်း၊ အိမ်မှုကိစ္စများသောကြောင့် တစ်ကြောင်း နားချိန်မရှိဘူး။
ဖုန်းဘက်ထရီကုန်၍တစ်ကြောင်း၊ အားသွင်းကြိုးမရှိသောကြောင့် သူငယ်ချင်းကိုဖုန်းမဆက်နိုင်ဘူး။,ဖုန်းဘက်ထရီကုန်၍တစ်ကြောင်း၊ အားသွင်းကြိုးမရှိသောကြောင့် တစ်ကြောင်း သူငယ်ချင်းကိုဖုန်းမဆက်နိုင်ဘူး။
အစာအိမ်ရောဂါရှိ၍တစ်ကြောင်း၊ ဆေးသောက်နေရသောကြောင့် အရက်မသောက်ဘူး။,အစာအိမ်ရောဂါရှိ၍တစ်ကြောင်း၊ ဆေးသောက်နေရသောကြောင့် တစ်ကြောင်း အရက်မသောက်ဘူး။
ငွေမလုံလောက်၍တစ်ကြောင်း၊ ပစ္စည်းဈေးနှုန်းကြီးမြင့်သောကြောင့် မဝယ်နိုင်ဘူး။,ငွေမလုံလောက်၍တစ်ကြောင်း၊ ပစ္စည်းဈေးနှုန်းကြီးမြင့်သောကြောင့် တစ်ကြောင်း မဝယ်နိုင်ဘူး။
လမ်းမကောင်း၍တစ်ကြောင်း၊ ယာဉ်ကြောပိတ်သောကြောင့် ခရီးကကြာနေသည်။,လမ်းမကောင်း၍တစ်ကြောင်း၊ ယာဉ်ကြောပိတ်သောကြောင့် တစ်ကြောင်း ခရီးကကြာနေသည်။
နေမကောင်း၍တစ်ကြောင်း၊ ခေါင်းမူးသောကြောင့် အစည်းအဝေးမတက်နိုင်ဘူး။,နေမကောင်း၍တစ်ကြောင်း၊ ခေါင်းမူးသောကြောင့် တစ်ကြောင်း အစည်းအဝေးမတက်နိုင်ဘူး။
မီးပျက်၍တစ်ကြောင်း၊ ရေမရှိသောကြောင့် အိမ်မှုကိစ္စများအခက်အခဲဖြစ်နေသည်။,မီးပျက်၍တစ်ကြောင်း၊ ရေမရှိသောကြောင့် တစ်ကြောင်း အိမ်မှုကိစ္စများအခက်အခဲဖြစ်နေသည်။
ရာသီဥတုပူ၍တစ်ကြောင်း၊ ချွေးထွက်များသောကြောင့် ရေချိုးလိုက်သည်။,ရာသီဥတုပူ၍တစ်ကြောင်း၊ ချွေးထွက်များသောကြောင့် တစ်ကြောင်း ရေချိုးလိုက်သည်။
အလုပ်ပင်ပန်း၍တစ်ကြောင်း၊ အနားယူချင်သောကြောင့် ခွင့်ယူပြီးအိပ်လိုက်သည်။,အလုပ်ပင်ပန်း၍တစ်ကြောင်း၊ အနားယူချင်သောကြောင့် တစ်ကြောင်း ခွင့်ယူပြီးအိပ်လိုက်သည်။
စာမရသေး၍တစ်ကြောင်း၊ ဆရာကဆူသောကြောင့် ကျောင်းမတက်ချင်ဘူး။,စာမရသေး၍တစ်ကြောင်း၊ ဆရာကဆူသောကြောင့် တစ်ကြောင်း ကျောင်းမတက်ချင်ဘူး။
သူငယ်ချင်းများဖိတ်ခေါ်၍တစ်ကြောင်း၊ သွားချင်စိတ်ရှိသောကြောင့် ပါတီကိုသွားခဲ့သည်။,သူငယ်ချင်းများဖိတ်ခေါ်၍တစ်ကြောင်း၊ သွားချင်စိတ်ရှိသောကြောင့် တစ်ကြောင်း ပါတီကိုသွားခဲ့သည်။
ကားမရှိ၍တစ်ကြောင်း၊ လမ်းလျှောက်ရသောကြောင့် နောက်ကျခဲ့သည်။,ကားမရှိ၍တစ်ကြောင်း၊ လမ်းလျှောက်ရသောကြောင့် တစ်ကြောင်း နောက်ကျခဲ့သည်။
ဆေးသောက်ရ၍တစ်ကြောင်း၊ အရက်မသောက်ရသောကြောင့် စိတ်ညစ်နေသည်။,ဆေးသောက်ရ၍တစ်ကြောင်း၊ အရက်မသောက်ရသောကြောင့် တစ်ကြောင်း စိတ်ညစ်နေသည်။
အလုပ်အကိုင်အခွင့်အလမ်းမရှိ၍တစ်ကြောင်း၊ လစာနည်းသောကြောင့် အလုပ်ပြောင်းလိုက်သည်။,အလုပ်အကိုင်အခွင့်အလမ်းမရှိ၍တစ်ကြောင်း၊ လစာနည်းသောကြောင့် တစ်ကြောင်း အလုပ်ပြောင်းလိုက်သည်။
စိတ်အနှောင့်အယှက်ဖြစ်၍တစ်ကြောင်း၊ အိပ်မပျော်သောကြောင့် နေမကောင်းဖြစ်နေသည်။,စိတ်အနှောင့်အယှက်ဖြစ်၍တစ်ကြောင်း၊ အိပ်မပျော်သောကြောင့် တစ်ကြောင်း နေမကောင်းဖြစ်နေသည်။
အချိန်ကုန်၍တစ်ကြောင်း၊ ငွေကုန်သောကြောင့် အွန်လိုင်းဂိမ်းမဆော့ဖြစ်ဘူး။,အချိန်ကုန်၍တစ်ကြောင်း၊ ငွေကုန်သောကြောင့် တစ်ကြောင်း အွန်လိုင်းဂိမ်းမဆော့ဖြစ်ဘူး။
သူငယ်ချင်းမရှိ၍တစ်ကြောင်း၊ တစ်ယောက်တည်းဖြစ်သောကြောင့် အားမရှိဘူး။,သူငယ်ချင်းမရှိ၍တစ်ကြောင်း၊ တစ်ယောက်တည်းဖြစ်သောကြောင့် တစ်ကြောင်း အားမရှိဘူး။
ကျန်းမာရေးမကောင်း၍တစ်ကြောင်း၊ အားနည်းသောကြောင့် လမ်းမလျှောက်နိုင်ဘူး။,ကျန်းမာရေးမကောင်း၍တစ်ကြောင်း၊ အားနည်းသောကြောင့် တစ်ကြောင်း လမ်းမလျှောက်နိုင်ဘူး။
နေမကောင်း၍တစ်ကြောင်း၊ စိတ်မပါသောကြောင့် စာမဖတ်ချင်ဘူး။,နေမကောင်း၍တစ်ကြောင်း၊ စိတ်မပါသောကြောင့် တစ်ကြောင်း စာမဖတ်ချင်ဘူး။
အင်တာနက်မရှိ၍တစ်ကြောင်း၊ ကွန်ပျူတာပျက်သောကြောင့် အွန်လိုင်းအလုပ်မလုပ်နိုင်ဘူး။,အင်တာနက်မရှိ၍တစ်ကြောင်း၊ ကွန်ပျူတာပျက်သောကြောင့် တစ်ကြောင်း အွန်လိုင်းအလုပ်မလုပ်နိုင်ဘူး။
နဝဒေးကြီး လူ့လောကတွင် မရှိခြင်းကား ဝမ်းနည်းဖွယ်ပင်။,နဝဒေးကြီး လူ့လောကတွင် မရှိတော့ခြင်းကား ဝမ်းနည်းဖွယ်ပင်။
ဆရာကြီးဦးသုမောင် လူ့လောကတွင် မရှိခြင်းကား အနုပညာလောကအတွက် ကြီးမားသောဆုံးရှုံးမှုပင်။,ဆရာကြီးဦးသုမောင် လူ့လောကတွင် မရှိတော့ခြင်းကား အနုပညာလောကအတွက် ကြီးမားသောဆုံးရှုံးမှုပင်။
မင်းကြီးက သံတမန်ကို တစ်ဖက်နိုင်ငံသို့ လွှတ်လိုက်သည်။,မင်းကြီးက သံတမန်ကို တစ်ဖက်နိုင်ငံသို့ စေလွှတ်လိုက်သည်။
ရဲမှူးက တပ်သားအချို့ကို မြို့ထဲသို့ လွှတ်လိုက်သည်။,ရဲမှူးက တပ်သားအချို့ကို မြို့ထဲသို့ စေလွှတ်လိုက်သည်။
ဘုရင်က သစ္စာခံအမတ်ကို ရန်သူထံသို့ လွှတ်လိုက်သည်။,ဘုရင်က သစ္စာခံအမတ်ကို ရန်သူထံသို့ စေလွှတ်လိုက်သည်။
အကြီးအကဲက အဖွဲ့သားများကို အစည်းအဝေးသို့ လွှတ်လိုက်သည်။,အကြီးအကဲက အဖွဲ့သားများကို အစည်းအဝေးသို့ စေလွှတ်လိုက်သည်။
ကုမ္ပဏီမန်နေဂျာက ဝန်ထမ်းတစ်ဦးကို အစည်းအဝေးသို့ လွှတ်လိုက်သည်။,ကုမ္ပဏီမန်နေဂျာက ဝန်ထမ်းတစ်ဦးကို အစည်းအဝေးသို့ စေလွှတ်လိုက်သည်။
ကျောင်းအုပ်ကြီးက ဆရာတစ်ဦးကို ပြိုင်ပွဲသို့ လွှတ်လိုက်သည်။,ကျောင်းအုပ်ကြီးက ဆရာတစ်ဦးကို ပြိုင်ပွဲသို့ စေလွှတ်လိုက်သည်။
အဖွဲ့ခေါင်းဆောင်က အဖွဲ့ဝင်တစ်ဦးကို သတင်းယူရန် လွှတ်လိုက်သည်။,အဖွဲ့ခေါင်းဆောင်က အဖွဲ့ဝင်တစ်ဦးကို သတင်းယူရန် စေလွှတ်လိုက်သည်။
နိုင်ငံတော်သမ္မတက ဝန်ကြီးတစ်ဦးကို နိုင်ငံခြားသို့ လွှတ်လိုက်သည်။,နိုင်ငံတော်သမ္မတက ဝန်ကြီးတစ်ဦးကို နိုင်ငံခြားသို့ စေလွှတ်လိုက်သည်။
စစ်ဗိုလ်ချုပ်က စစ်သားအချို့ကို နယ်စပ်သို့ လွှတ်လိုက်သည်။,စစ်ဗိုလ်ချုပ်က စစ်သားအချို့ကို နယ်စပ်သို့ စေလွှတ်လိုက်သည်။
အိမ်ရှင်မက သားကို ဈေးဝယ်ရန် လွှတ်လိုက်သည်။,အိမ်ရှင်မက သားကို ဈေးဝယ်ရန် စေလွှတ်လိုက်သည်။
ဆရာတော်က တပည့်များကို တရားဟောရန် လွှတ်လိုက်သည်။,ဆရာတော်က တပည့်များကို တရားဟောရန် စေလွှတ်လိုက်သည်။
ဌာနမှူးက လက်ထောက်ကို စာရင်းစစ်ရန် လွှတ်လိုက်သည်။,ဌာနမှူးက လက်ထောက်ကို စာရင်းစစ်ရန် စေလွှတ်လိုက်သည်။
မင်းသားက ခွေးကို တောလိုက်ရန် လွှတ်လိုက်သည်။,မင်းသားက ခွေးကို တောလိုက်ရန် စေလွှတ်လိုက်သည်။
မင်းသားကား ခွေးကို တောလိုက်ရန် လွှတ်လိုက်သည်။,မင်းသားကား ခွေးကို တောလိုက်ရန် စေလွှတ်လိုက်သည်။
ရွာသူကြီးသည် လူငယ်များကို လမ်းရှင်းရန် လွှတ်လိုက်သည်။,ရွာသူကြီးသည် လူငယ်များကို လမ်းရှင်းရန် စေလွှတ်လိုက်သည်။
ရွာသူကြီးမှာ လူငယ်များကို လမ်းရှင်းရန် လွှတ်လိုက်သည်။,ရွာသူကြီးမှာ လူငယ်များကို လမ်းရှင်းရန် စေလွှတ်လိုက်သည်။
ရွာသူကြီးကား လူငယ်များကို လမ်းရှင်းရန် လွှတ်လိုက်သည်။,ရွာသူကြီးကား လူငယ်များကို လမ်းရှင်းရန် စေလွှတ်လိုက်သည်။
ရွာသူကြီးက လူငယ်များကို လမ်းရှင်းရန် လွှတ်လိုက်သည်။,ရွာသူကြီးက လူငယ်များကို လမ်းရှင်းရန် စေလွှတ်လိုက်သည်။
သူဌေးက အလုပ်သမားများကို ကုန်ပစ္စည်းပို့ရန် လွှတ်လိုက်သည်။,သူဌေးက အလုပ်သမားများကို ကုန်ပစ္စည်းပို့ရန် စေလွှတ်လိုက်သည်။
မိဘများက သားသမီးများကို ကျောင်းသို့ လွှတ်လိုက်သည်။,မိဘများက သားသမီးများကို ကျောင်းသို့ စေလွှတ်လိုက်သည်။
နိုင်ငံတော်အကြီးအကဲက အကြံပေးပုဂ္ဂိုလ်များကို ဆွေးနွေးရန် လွှတ်လိုက်သည်။,နိုင်ငံတော်အကြီးအကဲက အကြံပေးပုဂ္ဂိုလ်များကို ဆွေးနွေးရန် စေလွှတ်လိုက်သည်။
ကုမ္ပဏီဒါရိုက်တာက အဖွဲ့တစ်ဖွဲ့ကို စစ်တမ်းကောက်ယူရန် လွှတ်လိုက်သည်။,ကုမ္ပဏီဒါရိုက်တာက အဖွဲ့တစ်ဖွဲ့ကို စစ်တမ်းကောက်ယူရန် စေလွှတ်လိုက်သည်။
ဆရာဝန်က သူနာပြုတစ်ဦးကို ဆေးရုံသို့ လွှတ်လိုက်သည်။,ဆရာဝန်က သူနာပြုတစ်ဦးကို ဆေးရုံသို့ စေလွှတ်လိုက်သည်။
အုပ်ချုပ်ရေးမှူးက ရဲများကို ရွာသို့ လွှတ်လိုက်သည်။,အုပ်ချုပ်ရေးမှူးက ရဲများကို ရွာသို့ စေလွှတ်လိုက်သည်။
တပ်ရင်းမှူးက တပ်ခွဲတစ်ခွဲကို တာဝန်ပေးရန် လွှတ်လိုက်သည်။,တပ်ရင်းမှူးက တပ်ခွဲတစ်ခွဲကို တာဝန်ပေးရန် စေလွှတ်လိုက်သည်။
မည်တော်ကြီးက သမီးတော်ကို နန်းတော်ပြင်ပသို့ လွှတ်လိုက်သည်။,မည်တော်ကြီးက သမီးတော်ကို နန်းတော်ပြင်ပသို့ စေလွှတ်လိုက်သည်။
မင်းကြီးက မြို့စားကို မြို့ပြင်သို့ လွှတ်လိုက်သည်။,မင်းကြီးက မြို့စားကို မြို့ပြင်သို့ စေလွှတ်လိုက်သည်။
ကုမ္ပဏီပိုင်ရှင်က စာရေးတစ်ဦးကို စာပို့ရန် လွှတ်လိုက်သည်။,ကုမ္ပဏီပိုင်ရှင်က စာရေးတစ်ဦးကို စာပို့ရန် စေလွှတ်လိုက်သည်။
အင်ဂျင်နီယာချုပ်က လက်ထောက်တစ်ဦးကို စစ်ဆေးရန် လွှတ်လိုက်သည်။,အင်ဂျင်နီယာချုပ်က လက်ထောက်တစ်ဦးကို စစ်ဆေးရန် စေလွှတ်လိုက်သည်။
အထက်အရာရှိက အောက်အရာရှိကို အစည်းအဝေးသို့ လွှတ်လိုက်သည်။,အထက်အရာရှိက အောက်အရာရှိကို အစည်းအဝေးသို့ စေလွှတ်လိုက်သည်။
ကုမ္ပဏီဥက္ကဋ္ဌက ကိုယ်စားလှယ်များကို နိုင်ငံခြားသို့ လွှတ်လိုက်သည်။,ကုမ္ပဏီဥက္ကဋ္ဌက ကိုယ်စားလှယ်များကို နိုင်ငံခြားသို့ စေလွှတ်လိုက်သည်။
ကျောင်းအုပ်ကြီးက ကျောင်းသားများကို ပန်းချီပြိုင်ပွဲသို့ လွှတ်လိုက်သည်။,ကျောင်းအုပ်ကြီးက ကျောင်းသားများကို ပန်းချီပြိုင်ပွဲသို့ စေလွှတ်လိုက်သည်။
အိမ်ထောင်ဦးစီးက မိန်းမကို ဈေးဝယ်ရန် လွှတ်လိုက်သည်။,အိမ်ထောင်ဦးစီးက မိန်းမကို ဈေးဝယ်ရန် စေလွှတ်လိုက်သည်။
မန်နေဂျာက အဖွဲ့သားများကို စစ်တမ်းကောက်ရန် လွှတ်လိုက်သည်။,မန်နေဂျာက အဖွဲ့သားများကို စစ်တမ်းကောက်ရန် စေလွှတ်လိုက်သည်။
ရာထူးကြီးသူက အမှုထမ်းကို စာပို့ရန် လွှတ်လိုက်သည်။,ရာထူးကြီးသူက အမှုထမ်းကို စာပို့ရန် စေလွှတ်လိုက်သည်။
အဖေက သမီးကို ကျောင်းသို့ လွှတ်လိုက်သည်။,အဖေက သမီးကို ကျောင်းသို့ စေလွှတ်လိုက်သည်။
အချုပ်အခြာအာဏာပိုင်က သံတမန်ကို နိုင်ငံခြားသို့ လွှတ်လိုက်သည်။,အချုပ်အခြာအာဏာပိုင်က သံတမန်ကို နိုင်ငံခြားသို့ စေလွှတ်လိုက်သည်။
ရွာက အကြီးအကဲက ကိုယ်စားလှယ်ကို မြို့သို့ လွှတ်လိုက်သည်။,ရွာက အကြီးအကဲက ကိုယ်စားလှယ်ကို မြို့သို့ စေလွှတ်လိုက်သည်။
ကုမ္ပဏီဒါရိုက်တာက အင်ဂျင်နီယာများကို စက်ရုံသို့ လွှတ်လိုက်သည်။,ကုမ္ပဏီဒါရိုက်တာက အင်ဂျင်နီယာများကို စက်ရုံသို့ စေလွှတ်လိုက်သည်။
စစ်ဦးစီးချုပ်က တပ်ဖွဲ့များကို တိုက်ပွဲသို့ လွှတ်လိုက်သည်။,စစ်ဦးစီးချုပ်က တပ်ဖွဲ့များကို တိုက်ပွဲသို့ စေလွှတ်လိုက်သည်။
ဆရာက တပည့်များကို အိမ်သို့ လွှတ်လိုက်သည်။,ဆရာက တပည့်များကို အိမ်သို့ စေလွှတ်လိုက်သည်။
သမ္မတက ဝန်ကြီးချုပ်ကို နိုင်ငံခြားသို့ လွှတ်လိုက်သည်။,သမ္မတက ဝန်ကြီးချုပ်ကို နိုင်ငံခြားသို့ စေလွှတ်လိုက်သည်။
စစ်ဘက်အကြီးအကဲက စစ်သားများကို လုံခြုံရေးတာဝန်ယူရန် လွှတ်လိုက်သည်။,စစ်ဘက်အကြီးအကဲက စစ်သားများကို လုံခြုံရေးတာဝန်ယူရန် စေလွှတ်လိုက်သည်။
ရဲချုပ်က ရဲများကို မြို့ထဲသို့ လွှတ်လိုက်သည်။,ရဲချုပ်က ရဲများကို မြို့ထဲသို့ စေလွှတ်လိုက်သည်။
အချုပ်အခြာအာဏာပိုင်က လက်ထောက်ကို စာရင်းစစ်ရန် လွှတ်လိုက်သည်။,အချုပ်အခြာအာဏာပိုင်က လက်ထောက်ကို စာရင်းစစ်ရန် စေလွှတ်လိုက်သည်။
မင်းက အမတ်ကို ရန်သူထံသို့ လွှတ်လိုက်သည်။,မင်းက အမတ်ကို ရန်သူထံသို့ စေလွှတ်လိုက်သည်။
ညွှန်ကြားရေးမှူးက ဝန်ထမ်းများကို ပြင်ပသို့ လွှတ်လိုက်သည်။,ညွှန်ကြားရေးမှူးက ဝန်ထမ်းများကို ပြင်ပသို့ စေလွှတ်လိုက်သည်။
ကျောင်းအုပ်ကြီးက ကျောင်းသားများကို စာကြည့်တိုက်သို့ လွှတ်လိုက်သည်။,ကျောင်းအုပ်ကြီးက ကျောင်းသားများကို စာကြည့်တိုက်သို့ စေလွှတ်လိုက်သည်။
အဖေက သားကို ကျောင်းသို့ လွှတ်လိုက်သည်။,အဖေက သားကို ကျောင်းသို့ စေလွှတ်လိုက်သည်။
ရဲအရာရှိက ရဲများကို စုံစမ်းစစ်ဆေးရန် လွှတ်လိုက်သည်။,ရဲအရာရှိက ရဲများကို စုံစမ်းစစ်ဆေးရန် စေလွှတ်လိုက်သည်။
အသုံးစရိတ်ကို သတိပြုရာထားရပေမည်။,အသုံးစရိတ်ကို သတိပြု၍ ရာထားရပေမည်။
ငွေကို သတိပြုရာထားရပေမည်။,ငွေကို သတိပြု၍ ရာထားရပေမည်။
ရန်ပုံငွေကို သတိပြုရာထားရပေမည်။,ရန်ပုံငွေကို သတိပြု၍ ရာထားရပေမည်။
အချိန်ကို သတိပြုရာထားရပေမည်။,အချိန်ကို သတိပြု၍ ရာထားရပေမည်။
ဘခင်သည် ဘုန်းတော်ကြီး သွားပင့်သည်။,ဘခင်သည် ဘုန်းတော်ကြီးကို ပင့်ရန် သွားသည်။
အမေက ဈေး သွားဝယ်သည်။,အမေက ဈေးကို ဝယ်ရန် သွားသည်။
မောင်လေးက ကစားကွင်း သွားဆော့သည်။,မောင်လေးက ကစားကွင်းမှာ ဆော့ရန် သွားသည်။
အဖေက အလုပ် သွားလုပ်သည်။,အဖေက အလုပ်ကို လုပ်ရန် သွားသည်။
အိမ်ရှင်မက မီးဖိုချောင် သွားဝင်သည်။,အိမ်ရှင်မက မီးဖိုချောင်သို့ ဝင်ရန် သွားသည်။
သူငယ်ချင်းတွေက ပန်းခြံ သွားဆော့သည်။,သူငယ်ချင်းတွေက ပန်းခြံမှာ ဆော့ရန် သွားသည်။
အမေက ဆရာဝန် သွားပြသည်။,အမေက ဆရာဝန်ကို ပြရန် သွားသည်။
အစ်မက စားသောက်ဆိုင် သွားစားသည်။,အစ်မက စားသောက်ဆိုင်မှာ စားရန် သွားသည်။
အဖေက ဘဏ် သွားငွေသွင်းသည်။,အဖေက ဘဏ်ကို ငွေသွင်းရန် သွားသည်။
ကျွန်တော်က စာမေးပွဲ သွားဖြေသည်။,ကျွန်တော်က စာမေးပွဲကို ဖြေရန် သွားသည်။
သူငယ်ချင်းတွေက ကစားပွဲ သွားကစားသည်။,သူငယ်ချင်းတွေက ကစားပွဲကို ကစားရန် သွားသည်။
ရဲက ရန်ဖြစ်တဲ့နေရာ သွားစစ်သည်။,ရဲက ရန်ဖြစ်တဲ့နေရာကို စစ်ရန် သွားသည်။
စာရင်းစစ်က ကုမ္ပဏီ သွားစစ်သည်။,စာရင်းစစ်က ကုမ္ပဏီကို စစ်ရန် သွားသည်။
သူဌေးက စာချုပ် သွားချုပ်သည်။,သူဌေးက စာချုပ်ကို ချုပ်ရန် သွားသည်။
ကုန်သည်က ကုန်ပစ္စည်း သွားဝယ်သည်။,ကုန်သည်က ကုန်ပစ္စည်းကို ဝယ်ရန် သွားသည်။
အမေက အင်တာဗျူး သွားဖြေသည်။,အမေက အင်တာဗျူးကို ဖြေရန် သွားသည်။
အဖေက ဧည့်ခံပွဲ သွားတက်သည်။,အဖေက ဧည့်ခံပွဲကို တက်ရန် သွားသည်။
အဘိုးက ဆွမ်း သွားလောင်းသည်။,အဘိုးက ဆွမ်းကို လောင်းရန် သွားသည်။
ညွှန်ကြားရေးမှူးက အစည်းအဝေး သွားတက်သည်။,ညွှန်ကြားရေးမှူးက အစည်းအဝေးကို တက်ရန် သွားသည်။
သူက ရဲစခန်း သွားတိုင်သည်။,သူက ရဲစခန်းတွင် တိုင်ရန် သွားသည်။
မိန်းမက ဆရာမ သွားတွေ့သည်။,မိန်းမက ဆရာမကို တွေ့ရန် သွားသည်။
ကျွန်တော် စာ သွားရေးသည်။,ကျွန်တော် စာရေးရန် သွားသည်။
ထိုစာအုပ်သည် အလွန်ကောင်း၏၊ ထိုကြောင့် အုပ်ရေတစ်သောင်း ရောင်းလိုက်ကြပြီးပြီ။,ထိုစာအုပ်သည် အလွန်ကောင်း၏၊ ထိုကြောင့် အုပ်ရေတစ်သောင်း ရောင်းရပြီးပြီ။
လက်သမားသည် ပစ္စည်းအပ်သူ ကျေနပ်စေအောင် ကြိုးစားသည်။,လက်သမားသည် ပစ္စည်းအပ်သူ ကျေနပ်အောင် ကြိုးစားသည်။
ဆရာပြောသည်မှာ ကြိုးစားကြ။,ဆရာပြောသည်မှာ ကြိုးစားကြ ဟူ၍ဖြစ်၏။
အိမ်သည် တံခါးရွက်ရှိ၏။,အိမ်မှာ တံခါးရွက်ရှိ၏။ 
အိမ်သည် တံခါးရွက်ရှိ၏။, အိမ်၌ တံခါးရွက်ရှိ၏။
ဒဂုန်မြို့ကို ရန်ကုန်ဟု တွင်၏။,ဒဂုန်မြို့သည် ရန်ကုန်ဟု တွင်၏။
ဒဂုန်မြို့သည် ရန်ကုန်ဟု ခေါ်၏။,ဒဂုန်မြို့ကို ရန်ကုန်ဟု ခေါ်၏။
ဤသတင်းသည် သတင်းစာ၌ ပါပြီးသည်။,ဤသတင်းသည် သတင်းစာ၌ ပါပြီးဖြစ်သည်။
ဦးဘမှ ဖိတ်ကြားပါသည်။,ဦးဘက ဖိတ်ကြားပါသည်။
ဘာက အနှောင့်အယှက်ဖြစ်နေသလဲ။,ဘာက အနှောင့်အယှက်ပြုနေသလဲ။
ဘာက အနှောင့်အယှက်ဖြစ်နေသလဲ။,ဘာသည် အနှောင့်အယှက်ဖြစ်နေသလဲ။
မည်သည့် စာအုပ် မကောင်းချေ။,မည်သည့် စာအုပ်မျှ မကောင်းချေ။
သူမသိမို့ မေးသည်။,သူမသိလို့ မေးသည်။
ဤစာအုပ်ကို ဖတ်ထိုက်၏။,ဤစာအုပ်သည် ဖတ်ထိုက်၏။
ဤစာအုပ်ကို ဖတ်ဘွယ်ကောင်း၏။,ဤစာအုပ်သည် ဖတ်ဖွယ်ကောင်း၏။
သူရဲကောင်းလို သတ္တိရှိသည်။,သူရဲကောင်းမို သတ္တိရှိသည်။
လူများသည် ရွှေကို တန်ဖိုးထားမြဲဖြစ်၏။,လူတို့သည် ရွှေကို တန်ဖိုးထားမြဲဖြစ်၏။
မိန်းကလေးသည် နောင်ရေးကို ပူပန်၏။,မိန်းကလေးသည် နောင်ရေးအတွက် ပူပန်၏။
ကျောင်းသားသည် စာအုပ်အား ဆရာကိုပေး၏။,ကျောင်းသားသည် စာအုပ်ကို ဆရာအားပေး၏။
သူသည် ပြည်သို့ မီးရထားနှင့် သွားသည်။,သူသည် ပြည်သို့ မီးရထားဖြင့် သွားသည်။
ဘောင်းဘီဖြင့် လူကို မှတ်မိ၏။,ဘောင်းဘီနှင့် လူကို မှတ်မိ၏။
ခင်ဗျား နံနက်စာကို စားသည့် ထမင်းသည် များသလား။,ခင်ဗျား နံနက်စာအဖြစ် စားသည့် ထမင်းသည် များသလား။
သူသည် ပုစ္ဆာဖြေဆိုချက်ကို ဆရာအားပြ၏။ ၎င်းကို ဆရာက စစ်ဆေးသည်။,သူသည် ပုစ္ဆာဖြေဆိုချက်ကို ဆရာအားပြ၏။ ယင်းကို ဆရာက စစ်ဆေးသည်။
ဆရာဝန်ကြီးသည် လန်ဒန်ကို သွားသည်။,ဆရာဝန်ကြီးသည် လန်ဒန်သို့ သွားသည်။
ကျွန်တော့်စာအုပ်ကို ခိုးလျှင် ဆရာကြီးနှင့်တိုင်မည်။,ကျွန်တော့်စာအုပ်ကို ခိုးလျှင် ဆရာကြီးအားတိုင်မည်။
ဤသူငယ်မသည် ကျွန်မထက်ငယ်သည်။,ဤသူငယ်မသည် ကျွန်မအောက်ငယ်သည်။
သူသည် နှစ်ရက် ရေမသောက်၍ နေနိုင်သည်။,သူသည် နှစ်ရက် ရေမသောက်ဘဲ နေနိုင်သည်။
မိုးရွာလျှင် ရေချိုးသည်။,မိုးရွာလျှင် ရေချိုးမည်။
စပါးပင်သည် သန်၏၊ အကြောင်းမူကား မြေသြဇာကျွေး၏။,စပါးပင်သည် သန်၏၊ အကြောင်းမူကား မြေသြဇာကျွေးခြင်းကြောင့်တည်း။
စပါးပင်သည် သန်၏၊ အကြောင်းမူကား မြေသြဇာကျွေး၏။,စပါးပင်သည် သန်၏၊ အကြောင်းမူကား မြေသြဇာကျွေးသောကြောင့်ဖြစ်၏။
သူသည် သွေးသားစင်ကြယ်၏၊ အဘယ်ကြောင့်ဆိုသော် ရေးများစွာသောက်၏။,သူသည် သွေးသားစင်ကြယ်၏၊ အဘယ်ကြောင့်ဆိုသော် ရေးများစွာသောက်သောကြောင့် ဖြစ်၏။
သူသည် သွေးသားစင်ကြယ်၏၊ အဘယ်ကြောင့်ဆိုသော် ရေးများစွာသောက်၏။,သူသည် သွေးသားစင်ကြယ်၏၊ အဘယ်ကြောင့်ဆိုသော် ရေးများစွာသောက်ခြင်းကြောင့်တည်း။
ဤ‌ကျောင်း၌ ပြောင်းရွှေ့သွားသော ဆရာနှစ်ဦးအတွက် ဆရာသစ် မရောက်သေးချေ။,ဤ‌ကျောင်း၌ ပြောင်းရွှေ့သွားသော ဆရာနှစ်ဦးအစား ဆရာသစ် မရောက်သေးချေ။
ဆရာတစ်ဦးအတွက် ဆရာသစ်တစ်ဦးလာမည်။,ဆရာတစ်ဦးအစား ဆရာသစ်တစ်ဦးလာမည်။
ကော်ဖီအတွက် လက်ဖက်ရည်သောက်မည်။,ကော်ဖီအစား လက်ဖက်ရည်သောက်မည်။
သူမအစား စာမေးပွဲစာရင်းသွင်းပေးခဲ့သည်။,သူမအတွက် စာမေးပွဲစာရင်းသွင်းပေးခဲ့သည်။
မိမိမိသားစုအစား အလုပ်လုပ်သည်။,မိမိမိသားစုအတွက် အလုပ်လုပ်သည်။
အဖွဲ့အစည်းအသစ်အစား အမည်ရွေးချယ်ပေးပါ။,အဖွဲ့အစည်းအသစ်အတွက် အမည်ရွေးချယ်ပေးပါ။
ကျောင်းသားများအစား စာအုပ်အသစ်များဝယ်လိုက်သည်။,ကျောင်းသားများအတွက် စာအုပ်အသစ်များဝယ်လိုက်သည်။
မိုးရွာလျှင် ငါ စာဖတ်သည်။,မိုးရွာလျှင် ငါ စာဖတ်မည်။
မနက်ဖြန် ကျောင်းသွားသည်။,မနက်ဖြန် ကျောင်းသွားမည်။
မနက်ဖြန်  ဈေးသွားသည်။,မနက်ဖြန်  ဈေးသွားမည်။
မနက်ဖြန် အလုပ်စသည်။,မနက်ဖြန် အလုပ်စမည်။
မနက်ဖြန်  ငါ ငါးစားသည်။,မနက်ဖြန်  ငါ ငါးစားမည်။
မိမိအလုပ်ကို စနစ်တကျလုပ်မည်။,မိမိအလုပ်ကို စနစ်တကျလုပ်သည်။
ကျောင်းသူများ သင်ခန်းစာနားထောင်မည်။,ကျောင်းသူများ သင်ခန်းစာနားထောင်သည်။
ဆရာ မှ တပည့်ကို ဆုံးမသည်။,ဆရာက တပည့်ကို ဆုံးမသည်။
ဆရာ မှ လူပျိုကြီးဖြစ်သည်။,ဆရာ လူပျိုကြီးဖြစ်သည်။
ဆရာ မှ  ကျောင်း၌ တစ်နေ့လုံးရှိသည်။,ဆရာသည် ကျောင်း၌ တစ်နေ့လုံးရှိသည်။
ယခင်နှစ် မှ မိုးကောင်းသည်။,ယခင်နှစ်က မိုးကောင်းသည်။
ကျောင်း မှ စောင့်နေပါ။,ကျောင်း မှ စောင့်နေပါ။
သူ အစားမစား၍ အိပ်သွားသည်။,သူ အစားမစားဘဲ အိပ်သွားသည်။
မိုးရွာဘဲ လမ်းများရေကြီးသည်။,မိုးရွာ၍ လမ်းများရေကြီးသည်။
အလုပ်များဘဲ အနားမယူနိုင်ပါ။,အလုပ်များ၍ အနားမယူနိုင်ပါ။
သူမလာဖြစ်ဘဲ အစည်းအဝေးမစတင်နိုင်ပါ။,သူမလာဖြစ်၍ အစည်းအဝေးမစတင်နိုင်ပါ။
မီးသတ်မရောက်ဘဲ အိမ်တစ်လုံးလုံးမီးလောင်သွားသည်။,မီးသတ်မရောက်၍ အိမ်တစ်လုံးလုံးမီးလောင်သွားသည်။
ငါ ငွေမယူ၍ ဈေးမသွားပါ။,ငါ ငွေမယူဘဲ ဈေးမသွားပါ။
သူ ငွေမပေး၍ ပစ္စည်းမယူပါ။,သူ ငွေမပေးဘဲ ပစ္စည်းမယူပါ။
သူမရောက်ဘဲ အစည်းအဝေးမစနိုင်ပါ။,သူမရောက်၍ အစည်းအဝေးမစနိုင်ပါ။
သူ့အပြစ်ကို မိဘနှင့် ပြောမည်။,သူ့အပြစ်ကို မိဘအား ပြောမည်။
သူ သူမအား လက်တွဲသွားသည်။,သူ သူမနှင့် လက်တွဲသွားသည်။
မိမိအကြံဉာဏ်ကို အဖွဲ့ဝင်နှင့် တိုင်ပင်မည်။,မိမိအကြံဉာဏ်ကို အဖွဲ့ဝင်အား တိုင်ပင်မည်။
စည်းမျဉ်းချိုးဖောက်မှုကို ဦးစီးမှူးနှင့် တိုင်ပင်မည်။,စည်းမျဉ်းချိုးဖောက်မှုကို ဦးစီးမှူးအား တိုင်ပင်မည်။
သူမနှင့် မေးခွန်းမေးသည်။,သူမအား မေးခွန်းမေးသည်။
ဤစာတမ်းကို နမူနာကို သတ်မှတ်ထားသည်။,ဤစာတမ်းကို နမူနာအဖြစ် သတ်မှတ်ထားသည်။
ဤနေ့ကို မိမိအောင်မြင်မှုကို မှတ်တမ်းတင်မည်။,ဤနေ့ကို မိမိအောင်မြင်မှုအဖြစ် မှတ်တမ်းတင်မည်။
သူ့အကြံကို အခြေခံချက်ကို ထားမည်။,သူ့အကြံကို အခြေခံချက်အဖြစ် ထားမည်။
ဤခရီးကို သင်တန်းခရီးကို လုပ်မည်။,ဤခရီးကို သင်တန်းခရီးအဖြစ် လုပ်မည်။
ဤစာကို ရှင်းပြချက်ကို ပေးပါ။,ဤစာကို ရှင်းပြချက်အဖြစ် ပေးပါ။
ဓာတ်ပုံအဖြစ် ကြည့်မည်။,ဓာတ်ပုံကို ကြည့်မည်။
ပစ္စည်းစာရင်းအဖြစ် စာရင်းတင်ပါ။,ပစ္စည်းစာရင်းကို စာရင်းတင်ပါ။
စာအဖြစ် ပို့မည်။,စာကို ပို့မည်။
အားလပ်သောအခါ သတင်းစာဖတ်ခြင်း၊ ဖတ်သင့်သော စာအုပ်ကောင်းများကို ဖတ်သင့်ပေသည်။,အားလပ်သောအခါ သတင်းစာကို ဖတ်ခြင်း၊ ဖတ်သင့်သော စာအုပ်ကောင်းများကို ဖတ်ခြင်း ပြုသင့်ပေသည်။
ထမင်းစားချိန်တ္ငင် စကားပြောခြင်း၊ လေမချွန်သင့်ပေ။,ထမင်းစားချိန်တ္ငင် စကားမပြောသင့်၊ လေမချွန်သင့်ပေ။
ဦးသိန်းနိုင်မှ မိန့်ခွန်းပြောကြားသည်။,ဦးသိန်းနိုင်က မိန့်ခွန်းပြောကြားသည်။
ကျောင်းဆရာကြီးမှ ဩဝါဒပေးသည်။,ကျောင်းဆရာကြီးကား ဩဝါဒပေးသည်။
ကျောင်းဆရာကြီးမှ ဩဝါဒပေးသည်။,ကျောင်းဆရာကြီးက ဩဝါဒပေးသည်။
လမင်းကြီးမှ ထိန်ထိန်သာနေသည်။,လမင်းကြီးက ထိန်ထိန်သာနေသည်။
အများတကာမှ ပြောနေကြပြီ။,အများတကာက ပြောနေကြပြီ။
အမေမှ ဆူနေ၏။,အမေကား ဆူနေ၏။
သူမှ စိတ်ဆိုးမှာစိုးသည်။,သူ စိတ်ဆိုးမှာစိုးသည်။
မိဘများမှ လက်ထပ်ထိမ်းမြားပေးကြသည်။,မိဘများက လက်ထပ်ထိမ်းမြားပေးကြသည်။
စာပေပညာရှင်ကြီးမှ ဟောပြောပါလိမ့်မည်။,စာပေပညာရှင်ကြီးကား ဟောပြောပါလိမ့်မည်။
စာပေပညာရှင်ကြီးမှ ဟောပြောပါလိမ့်မည်။,စာပေပညာရှင်ကြီးက ဟောပြောပါလိမ့်မည်။
အဖေ အလုပ်သို့ ပြန်လာနေသည်။,အဖေ အလုပ်က ပြန်လာနေသည်။
ဆရာမက သူ့အား ရိုက်သည်။,ဆရာမက သူ့ကို ရိုက်သည်။
အလှူငွေ ကျပ်တစ်သောင်းတိတိကို ကျောင်းကောင်စီအဖွဲ့ကို လှူဒါန်း၏။,အလှူငွေ ကျပ်တစ်သောင်းတိတိကို ကျောင်းကောင်စီအဖွဲ့အား လှူဒါန်း၏။
ငလျင်ကြောကြီးအား စစ်ဆေးမှုများ ပြုလုပ်ခဲ့သည်။,ငလျင်ကြောကြီးကို စစ်ဆေးမှုများ ပြုလုပ်ခဲ့သည်။
အလှူငွေ ကျပ်တစ်သောင်းတိတိအား ကျောင်းကောင်စီအဖွဲ့ကို လှူဒါန်း၏။,အလှူငွေ ကျပ်တစ်သောင်းတိတိကို ကျောင်းကောင်စီအဖွဲ့အား လှူဒါန်း၏။
ဖေဖေ မီးဖိုချောင်ကို သွားသည်။,ဖေဖေ မီးဖိုချောင်သို့ သွားသည်။
နေ့လည်စာကို ထမင်းသာ စားခဲ့သည်။,နေ့လည်စာအဖြစ် ထမင်းသာ စားခဲ့သည်။
ပါးကွက်ဖြင့် မိန်းကလေးသည် အလွန်လှ၏။,ပါးကွက်နှင့် မိန်းကလေးသည် အလွန်လှ၏။
အထူးပြုဘာသာကို သင်္ချာယူခဲ့သည်။,အထူးပြုဘာသာအဖြစ် သင်္ချာယူခဲ့သည်။
သူသည် နေ့စဥ် ထမင်းစားရေး အလုပ်လုပ်ရ၏။,သူသည် နေ့စဥ် ထမင်းစားရေးအတွက် အလုပ်လုပ်ရ၏။
ဘောလုံးကန်လျှင် အကျိုးဖြစ်နိုင်သည်။,ဘောလုံးကန်လျှင် အကျိုးကျေးဇူးဖြစ်နိုင်သည်။
ဖေဖေသည် စားသောက်နေထိုင်ရေး ရုန်းကန်ခဲ့ရသည်။,ဖေဖေသည် စားသောက်နေထိုင်ရေးအတွက် ရုန်းကန်ခဲ့ရသည်။
နိုင်ငံတော်သမ္မတသည် နိုင်ငံသားတိုင်း၏ကောင်းမွန်ရေး ကြိုးပမ်းရသည်။,နိုင်ငံတော်သမ္မတသည် နိုင်ငံသားတိုင်း၏ကောင်းမွန်ရေးအတွက် ကြိုးပမ်းရသည်။
ဘုရင်ကား တိုင်းသူပြည်သားတို့၏ ‌ရှေ့ရေး မျှော်မှန်းရ၏။,ဘုရင်ကား တိုင်းသူပြည်သားတို့၏ ‌ရှေ့ရေးအတွက် မျှော်မှန်းရ၏။
နိုင်ငံတော်သမ္မတမှာ နိုင်ငံသားတိုင်း၏ကောင်းမွန်ရေး ကြိုးပမ်းရသည်။,နိုင်ငံတော်သမ္မတမှာ နိုင်ငံသားတိုင်း၏ကောင်းမွန်ရေးအတွက် ကြိုးပမ်းရသည်။
နိုင်ငံတော်သမ္မတက နိုင်ငံသားတိုင်း၏ကောင်းမွန်ရေး ကြိုးပမ်းရသည်။,နိုင်ငံတော်သမ္မတက နိုင်ငံသားတိုင်း၏ကောင်းမွန်ရေးအတွက် ကြိုးပမ်းရသည်။
နိုင်ငံတော်သမ္မတကား နိုင်ငံသားတိုင်း၏ကောင်းမွန်ရေး ကြိုးပမ်းရသည်။,နိုင်ငံတော်သမ္မတကား နိုင်ငံသားတိုင်း၏ကောင်းမွန်ရေးအတွက် ကြိုးပမ်းရသည်။
ညီလေးမှာ အလေးစွန့်ပြီးသည်။,ညီလေးမှာ အလေးစွန့်ပြီးဖြစ်သည်။
ညီမလေး ထမင်းစားပြီးသည်။,ညီမလေး ထမင်းစားပြီးဖြစ်သည်။
ညီမလေးသည် ထမင်းစားပြီးသည်။,ညီမလေးသည် ထမင်းစားပြီးဖြစ်သည်။
ညီမလေးက ထမင်းစားပြီးသည်။,ညီမလေးက ထမင်းစားပြီးဖြစ်သည်။
ညီမလေးကား ထမင်းစားပြီးသည်။,ညီမလေးကား ထမင်းစားပြီးဖြစ်သည်။
ညီမလေးမှာ ထမင်းစားပြီးသည်။,ညီမလေးမှာ ထမင်းစားပြီးဖြစ်သည်။
မမ ထမင်းစားပြီးသည်။,မမ ထမင်းစားပြီးဖြစ်သည်။
မမက ထမင်းစားပြီးသည်။,မမက ထမင်းစားပြီးဖြစ်သည်။
မမကား ထမင်းစားပြီးသည်။,မမကား ထမင်းစားပြီးဖြစ်သည်။
မမသည် ထမင်းစားပြီးသည်။,မမသည် ထမင်းစားပြီးဖြစ်သည်။
မမမှာ ထမင်းစားပြီးသည်။,မမမှာ ထမင်းစားပြီးဖြစ်သည်။
ကိုကို ထမင်းစားပြီးသည်။,ကိုကို ထမင်းစားပြီးဖြစ်သည်။
ကိုကိုက ထမင်းစားပြီးသည်။,ကိုကိုက ထမင်းစားပြီးဖြစ်သည်။
ကိုကိုကား ထမင်းစားပြီးသည်။,ကိုကိုကား ထမင်းစားပြီးဖြစ်သည်။
ကိုကိုသည် ထမင်းစားပြီးသည်။,ကိုကိုသည် ထမင်းစားပြီးဖြစ်သည်။
ကိုကိုမှာ ထမင်းစားပြီးသည်။,ကိုကိုမှာ ထမင်းစားပြီးဖြစ်သည်။
ကိုကို့မှာ အရုပ်များစွာဖြစ်သည်။,ကိုကို့မှာ အရုပ်များစွာရှိသည်။
ဖေဖေက ကွယ်လွန်သွားပြီဖြစ်သည်။,ဖေဖေသည် ကွယ်လွန်သွားပြီဖြစ်သည်။
ဖေဖေက ကွယ်လွန်သွားပြီဖြစ်သည်။,ဖေဖေ ကွယ်လွန်သွားပြီဖြစ်သည်။
မောင်မောင်သည် မည်သည့် အသီးအရွက်မစားပါ။,မောင်မောင်သည် မည်သည့် အသီးအရွက်မျှ မစားပါ။
မောင်မောင်သည် မည်သည့် အသီးအရွက်မစားပါ။,မောင်မောင်သည် မည်သည့် အသီးအရွက်မဆို မစားပါ။
အဖုံးဖြင့် ပုလင်းကိုပေးပါ။,အဖုံးနှင့် ပုလင်းကိုပေးပါ။
မျက်မှန်ဖြင့် လူကို မောင်မောင်က ကြိုက်နေသည်။,မျက်မှန်နှင့် လူကို မောင်မောင်က ကြိုက်နေသည်။
အသားကို ရေစိမ်ပြီးနောက် သကြားဖြင့်နယ်ပါ။,အသားကို ရေစိမ်ပြီးနောက် သကြားနှင့်နယ်ပါ။
ကိုဝင်းမောင်သည် ထမင်းကို ငါးပိဖြင့် အမြဲ စားသည်။,ကိုဝင်းမောင်သည် ထမင်းကို ငါးပိနှင့် အမြဲ စားသည်။
ကိုဝင်းမောင်က ထမင်းကို ငါးပိဖြင့် အမြဲ စားသည်။,ကိုဝင်းမောင်က ထမင်းကို ငါးပိနှင့် အမြဲ စားသည်။
ကိုဝင်းမောင်ကား ထမင်းကို ငါးပိဖြင့် အမြဲ စား၏။,ကိုဝင်းမောင်ကား ထမင်းကို ငါးပိနှင့် အမြဲ စား၏။
မသူဇာသည် အရာရာတိုင်းကို ငွေနှင့် ဝယ်သည်။,မသူဇာသည် အရာရာတိုင်းကို ငွေဖြင့် ဝယ်သည်။
ရွာသားများသည် မြေကြီးကို စက်နှင့်တူးသည်။,ရွာသားများသည် မြေကြီးကို စက်ဖြင့်တူးသည်။
သူတို့သည် လှေကို တက်နှင့် လှော်နေကြသည်။,သူတို့သည် လှေကို တက်ဖြင့် လှော်နေကြသည်။
ညစ်ပတ်သောအရာများကို လက်အိတ်နှင့် ကိုင်သည်။,ညစ်ပတ်သောအရာများကို လက်အိတ်နှင့် ကိုင်သည်။
ညစ်ပတ်သောအရာများကို လက်အိတ်ဖြင့် ကိုင်သည်။,ညစ်ပတ်သောအရာများကို လက်အိတ်ဖြင့် ကိုင်သည်။
ကိုဝင်းမောင်မှာ ထမင်းကို ငါးပိဖြင့် အမြဲ စားသည်။,ကိုဝင်းမောင်မှာ ထမင်းကို ငါးပိနှင့် အမြဲ စားသည်။
ကျွန်တော်သည် ညစာကို ပေါင်မုန့်စားသည်။,ကျွန်တော်သည် ညစာအဖြစ် ပေါင်မုန့်စားသည်။
ဖေဖေ မော်လမြိုင်ကို သွားသည်။,ဖေဖေ မော်လမြိုင်သို့ သွားသည်။
ဖေဖေသည် မော်လမြိုင်ကို သွားသည်။,ဖေဖေသည် မော်လမြိုင်သို့ သွားသည်။
ဖေဖေက မော်လမြိုင်ကို သွားသည်။,ဖေဖေက မော်လမြိုင်သို့ သွားသည်။
ဖေဖေကား မော်လမြိုင်ကို သွားသည်။,ဖေဖေကား မော်လမြိုင်သို့ သွားသည်။
ထိုမိန်းကလေးသည် ကျွန်တော့်သားထက် အမှတ်နည်းသည်။,ထိုမိန်းကလေးသည် ကျွန်တော့်သားအောက် အမှတ်နည်းသည်။
စည်းကမ်းပျက်လျှင် အပြစ်ပေးခံရသည်။,စည်းကမ်းပျက်လျှင် အပြစ်ပေးခံရမည်။
မိဘများသည် သားသမီးတို့၏ ကောင်းမွန်ရေး မျှော်ကိုးကြသည်။,မိဘများသည် သားသမီးတို့၏ ကောင်းမွန်ရေးအတွက် မျှော်ကိုးကြသည်။
မိဘများက သားသမီးတို့၏ ကောင်းမွန်ရေး မျှော်ကိုးကြသည်။,မိဘများက သားသမီးတို့၏ ကောင်းမွန်ရေးအတွက် မျှော်ကိုးကြသည်။
မိဘများမှာ သားသမီးတို့၏ ကောင်းမွန်ရေး မျှော်ကိုးကြသည်။,မိဘများမှာ သားသမီးတို့၏ ကောင်းမွန်ရေးအတွက် မျှော်ကိုးကြသည်။
မိဘများကား သားသမီးတို့၏ ကောင်းမွန်ရေး မျှော်ကိုးကြသည်။,မိဘများကား သားသမီးတို့၏ ကောင်းမွန်ရေးအတွက် မျှော်ကိုးကြသည်။
ထိုမိန်းကလေးက ကျွန်တော့်သားထက် အမှတ်နည်းသည်။,ထိုမိန်းကလေးက ကျွန်တော့်သားအောက် အမှတ်နည်းသည်။
ထိုမိန်းကလေးကား ကျွန်တော့်သားထက် အမှတ်နည်းသည်။,ထိုမိန်းကလေးကား ကျွန်တော့်သားအောက် အမှတ်နည်းသည်။
ထိုမိန်းကလေးမှာ ကျွန်တော့်သားထက် အမှတ်နည်းသည်။,ထိုမိန်းကလေးမှာ ကျွန်တော့်သားအောက် အမှတ်နည်းသည်။
ရဲသားသည် ကျင်လည်စွာ ခိုးသူကို ဖမ်းသည်။,ရဲသားသည် ခိုးသူကို ကျင်လည်စွာ ဖမ်းသည်။
ဆရာသည် အနည်းဆုံး ကလေးများ၏ သဘောကို သိရမည်။,အနည်းဆုံးအားဖြင့် ဆရာသည် ကလေးများ၏ သဘောကို သိရမည်။
အနည်းဆုံး ဆရာသည် ကလေးများ၏ သဘောကို သိရမည်။,အနည်းဆုံးအားဖြင့် ဆရာသည် ကလေးများ၏ သဘောကို သိရမည်။
သပိတ်မှောက်သော ကျောင်းသားများနှင့် ဆရာများ ဆွေးနွေးကြသည်။,သပိတ်မှောက်သော ကျောင်းသားများ ဆရာများနှင့် ဆွေးနွေးကြသည်။
ရန်လိုသော ဆရာ၏ ခွေးသည် က‌လေးကို ကိုက်သည်။,ဆရာ၏ ရန်လိုသော ခွေးသည် က‌လေးကို ကိုက်သည်။
မသိနားမလည်သော အမေ၏ ကလေးသည် ငိုရှာသည်။,အမေ၏ မသိနားမလည်သော ကလေးသည် ငိုရှာသည်။
မျောက်သည် ငှက်ပျောသီးကို အခွံနွှာ၍ စားသည်။,မျောက်သည် ငှက်ပျောသီးအခွံကို နွှာ၍ စားသည်။
မိန်းကလေးသည် ကောက်ညှင်းပေါင်းကို မောင်းထောင်းပြီးနောက် စားသည်။,မိန်းကလေးသည် မောင်းထောင်းပြီးနောက် ကောက်ညှင်းပေါင်းကို စားသည်။
သူ၏ တဲကလေးမှာ မလုံမလဲ ဖြစ်သလို မိုးကာထားသည်။,သူ၏ တဲကလေးမှာ ဖြစ်သလိုမလုံမလဲ မိုးကာထားသည်။
ကိုယ့် ကိုယ်ကိုကိုယ်ကိုယ်တိုင်ဖန်တီးပါ။,ကိုယ့် ကိုယ်ကိုကိုယ် ကိုယ်တိုင်ဖန်တီးပါ။
သဘောမတူတူတူ တူတူတူ အရေးမကြီးပါ။,သဘော မတူတူတူ၊ တူတူတူ၊ အရေးမကြီးပါ။
ဆရာမ ပြနည်းမကျ။,ဆရာမပြ၊ နည်းမကျ။
အဆုံးအဖြတ်ကို အတည်ပြုပြီး နောက်အခြေအနေအရ လုပ်ရမည်။,အဆုံးအဖြတ်ကို အတည်ပြုပြီးနောက် အခြေအနေအရ လုပ်ရမည်။
သူသည် ရုပ်ရှင်နှင့် ‌ဘောလုံး ပွဲကြည့်ခြင်းကို ဝါသနာပါသည်။,သူသည် ရုပ်ရှင်နှင့် ‌ဘောလုံးပွဲကြည့်ခြင်းကို ဝါသနာပါသည်။
စိုးရိမ်သော ကဗျာပါဒမရှိသင့်။,စိုးရိမ်သောက ဗျာပါဒ မရှိသင့်။
ဖေဖေသည် ပိုက်ဆံများစွာရှိသည်။,ဖေဖေ့မှာ ပိုက်ဆံများစွာရှိသည်။
မြမြသည် လှလှထက် ပိုင်ဆိုင်မှုနည်းသည်။,မြမြသည် လှလှအောက် ပိုင်ဆိုင်မှုနည်းသည်။
မြမြသည် လှလှအောက် ကြီးသည်။,မြမြသည် လှလှထက် ကြီးသည်။
မြမြသည် လှလှအောက် ပိုင်ဆိုင်မှုပိုများသည်။,မြမြသည် လှလှထက် ပိုင်ဆိုင်မှုပိုများသည်။
မမသည် မေမေ့ကို ပူပန်၏။,မမသည် မေမေ့အတွက် ပူပန်၏။
မမက မေမေ့ကို ပူပန်၏။,မမက မေမေ့အတွက် ပူပန်၏။
ဗလဖြင့်ယောက်ျားသည် မိန်းကလေးအားလုံး၏ အကြိုက်ဖြစ်သည်။,ဗလနှင့်ယောက်ျားသည် မိန်းကလေးအားလုံး၏ အကြိုက်ဖြစ်သည်။
ဗလဖြင့်ယောက်ျားမှာ မိန်းကလေးအားလုံး၏ အကြိုက်ဖြစ်သည်။,ဗလနှင့်ယောက်ျားမှာ မိန်းကလေးအားလုံး၏ အကြိုက်ဖြစ်သည်။
ဗလဖြင့်ယောက်ျားက မိန်းကလေးအားလုံး၏ အကြိုက်ဖြစ်သည်။,ဗလနှင့်ယောက်ျားက မိန်းကလေးအားလုံး၏ အကြိုက်ဖြစ်သည်။
ဗလဖြင့်ယောက်ျားကား မိန်းကလေးအားလုံး၏ အကြိုက်ဖြစ်သည်။,ဗလနှင့်ယောက်ျားကား မိန်းကလေးအားလုံး၏ အကြိုက်ဖြစ်သည်။
ဦးခင်မျိုးသည် ဈေးကို တစ်ယောက်တည်း သွားသည်။,ဦးခင်မျိုးသည် ဈေးသို့ တစ်ယောက်တည်း သွားသည်။
ကိုထိုက်သည် အိမ်ကို ပြန်နေသည်။,ကိုထိုက်သည် အိမ်သို့ ပြန်နေသည်။
ဒေါ်ကေသီသည် သူငယ်ချင်းဆီကို သွားနေသည်။,ဒေါ်ကေသီသည် သူငယ်ချင်းဆီသို့ သွားနေသည်။
မယုယသည် ‌အဆောင်ကို သွားနေသည်။,မယုယသည် ‌အဆောင်ကို သွားနေသည်။
ဒေါက်တာဒေါ်စိုးစိုးသည် လူနာဆီကို သွားနေသည်။,ဒေါက်တာဒေါ်စိုးစိုးသည် လူနာဆီသို့ သွားနေသည်။
ဆရာဝန်သည် ဆေးရုံကို သွားနေသည်။,ဆရာဝန်သည် ဆေးရုံသို့ သွားနေသည်။
ဆရာဝန် ဆေးရုံကို သွားနေသည်။,ဆရာဝန် ဆေးရုံသို့ သွားနေသည်။
